sim_time,reservation_time_trigger,RV_computation_time,Update_V2RB_computation_time,Compute_V2RB_computation_time,Solve_assignment_computation_time,N_V2RBs_at_start,N_V2RBs_after_update,N_V2RBs_after_build,N_Rqs_unassigned,N_Rqs_assigned,N_Rqs_locked,user_requests,request_batch
0,0.0,0.0,0.0,0.0,0.0032548904418945312,0,0,0,0,0,0,0.0,0.00351
60,0.0,0.0,0.0,0.0,0.0025987625122070312,0,0,0,0,0,0,0.0,0.00242
120,0.0,0.0,0.0,0.0005261898040771484,0.0015158653259277344,0,0,0,0,0,0,0.0,0.00247
180,0.0,0.06110382080078125,0.0,0.022838592529296875,0.003042936325073242,0,0,12,0,2,0,0.08049,0.08861
240,0.0,0.0,0.018530607223510742,0.0,0.001573801040649414,1,1,1,0,0,2,0.0,0.02115
300,0.0,0.0,0.014657735824584961,0.0,0.0020194053649902344,1,1,1,0,0,2,0.04338,0.01745
360,0.0,0.029575824737548828,0.0066411495208740234,0.04094123840332031,0.003162384033203125,1,1,5,0,1,2,0.09097,0.08104
420,0.0,0.0,0.0015437602996826172,0.0015354156494140625,0.0016019344329833984,2,2,2,0,0,3,0.0,0.00546
480,0.0,0.0,0.0015707015991210938,0.0,0.0015609264373779297,2,2,2,0,0,3,0.0,0.00385
540,0.0,0.0,0.0,0.020569562911987305,0.0025823116302490234,2,2,2,0,0,2,0.0,0.02403
600,0.0,0.0,0.0,0.0,0.003454446792602539,0,0,0,0,0,0,0.0,0.00254
660,0.0,0.0,0.0,0.0,0.0015883445739746094,0,0,0,0,0,0,0.02728,0.00252
720,0.0,0.0,0.0,0.0015475749969482422,0.0015747547149658203,0,0,0,0,0,0,0.0,0.0026
780,0.0,0.0,0.0,0.0,0.0030934810638427734,0,0,0,0,0,0,0.0,0.0027
840,0.0,0.038504838943481445,0.0,0.0005056858062744141,0.0030205249786376953,0,0,5,0,1,0,0.07467,0.04278
900,0.0,0.0,0.0,0.0,0.0031599998474121094,1,1,1,0,0,1,0.06723,0.00299
960,0.0,0.0010166168212890625,0.0,0.0,0.002037525177001953,1,1,1,0,0,1,0.02562,0.00303
1020,0.0,0.0,0.0,0.0,0.0030405521392822266,1,1,1,0,0,1,0.0,0.00311
1080,0.0,0.0,0.0,0.0,0.0015501976013183594,1,1,1,0,0,1,0.06921,0.0031
1140,0.0,0.03209805488586426,0.0,0.001825094223022461,0.0020394325256347656,0,0,5,0,1,0,0.03457,0.03728
1200,0.0,0.0294497013092041,0.0,0.0015327930450439453,0.0031037330627441406,1,1,6,0,1,1,0.05548,0.03459
1260,0.0,0.0,0.0,0.0,0.003129243850708008,6,5,5,0,1,1,0.0,0.00423
1320,0.0,0.0,0.0,0.0,0.002130270004272461,2,2,2,0,0,2,0.0377,0.0034
1380,0.0,0.0,0.0,0.0,0.0015881061553955078,1,1,1,0,0,1,0.0,0.00304
1440,0.0,0.01828932762145996,0.0,0.0010080337524414062,0.0015411376953125,0,0,5,0,1,0,0.01858,0.02258
1500,0.0,0.0,0.0,0.0,0.002546548843383789,1,1,1,0,0,1,0.13463,0.00308
1560,0.0,0.019205570220947266,0.0,0.0015113353729248047,0.002017974853515625,1,1,6,0,1,1,0.0209,0.02462
1620,0.0,0.03389239311218262,0.0,0.007805585861206055,0.0031855106353759766,1,3,12,0,2,2,0.04688,0.04633
1680,0.0,0.040468454360961914,0.0016179084777832031,0.007672548294067383,0.0030999183654785156,5,5,15,0,3,0,0.32056,0.05399
1740,0.0,0.0,0.016266822814941406,0.0,0.0031604766845703125,9,6,6,0,2,1,0.0,0.02018
1800,0.0,0.0,0.0,0.0,0.0030548572540283203,3,3,3,0,0,3,0.0,0.0037
1860,0.0,0.0,0.0010094642639160156,0.0,0.0020215511322021484,2,2,2,0,0,2,0.0,0.00338
1920,0.0,0.0,0.0005159378051757812,0.0,0.0020427703857421875,2,2,2,0,0,2,0.0,0.00339
1980,0.0,0.0,0.0,0.0,0.0015265941619873047,1,1,1,0,0,1,0.0,0.00296
2040,0.0,0.0,0.0,0.0,0.0015802383422851562,1,1,1,0,0,1,0.09306,0.00308
2100,0.0,0.0,0.0,0.0,0.0025255680084228516,0,0,0,0,0,0,0.04135,0.00263
2160,0.0,0.007051229476928711,0.0,0.0005030632019042969,0.0030286312103271484,0,0,5,0,1,0,0.00681,0.0108
2220,0.0,0.0,0.0,0.0,0.0016100406646728516,1,1,1,0,0,1,0.0,0.00364
2280,0.0,0.0,0.0,0.0,0.0032029151916503906,1,1,1,0,0,1,0.02492,0.00319
2340,0.0,0.04170536994934082,0.0,0.0047261714935302734,0.003047943115234375,0,2,5,0,1,1,0.05223,0.04949
2400,0.0,0.0,0.0019533634185791016,0.0,0.0015714168548583984,4,1,1,0,1,0,0.00757,0.00329
2460,0.0,0.0,0.0,0.0,0.002537965774536133,1,1,1,0,1,0,0.08916,0.00309
2520,0.0,0.0,0.0,0.0,0.0032007694244384766,1,1,1,0,1,0,0.0602,0.00317
2580,0.0,0.0,0.0,0.0,0.0031354427337646484,1,1,1,0,0,1,0.05188,0.00326
2640,0.0,0.0,0.0,0.0,0.0025556087493896484,1,1,1,0,0,1,0.0,0.00304
2700,0.0,0.0,0.0010075569152832031,0.0,0.002012968063354492,1,1,1,0,0,1,0.04029,0.00327
2760,0.0,0.0,0.0,0.0,0.0025589466094970703,1,1,1,0,0,1,0.03792,0.003
2820,0.0,0.0,0.0,0.0,0.00202178955078125,1,1,1,0,0,1,0.0,0.00328
2880,0.0,0.0,0.0,0.0,0.0030260086059570312,0,0,0,0,0,0,0.07955999999999999,0.00375
2940,0.0,0.03934001922607422,0.0,0.0005068778991699219,0.0030329227447509766,0,0,5,0,1,0,0.04116,0.04386
3000,0.0,0.0,0.0,0.0,0.003154754638671875,5,4,4,0,1,0,0.01874,0.00387
3060,0.0,0.03929638862609863,0.0005056858062744141,0.0010066032409667969,0.0030324459075927734,3,1,6,0,2,0,0.1426,0.04458
3120,0.0,0.0,0.0075531005859375,0.0,0.003038644790649414,6,5,5,0,2,0,0.0,0.0119
3180,0.0,0.0,0.0015740394592285156,0.0,0.00142669677734375,4,2,2,0,1,1,0.0,0.0037
3240,0.0,0.0,0.000514984130859375,0.0,0.0013380050659179688,2,2,2,0,1,1,0.0,0.00342
3300,0.0,0.00992274284362793,0.0,0.019891023635864258,0.0031936168670654297,2,2,7,0,1,2,0.03701,0.03286
3360,0.0,0.021625518798828125,0.0005068778991699219,0.002524852752685547,0.0030510425567626953,2,4,8,0,1,3,0.04647,0.02906
3420,0.0,0.0,0.0,0.0,0.0019681453704833984,3,3,3,0,0,4,0.03741,0.00378
3480,0.0,0.0,0.0,0.0,0.003191232681274414,2,2,2,0,0,3,0.0,0.00349
3540,0.0,0.0,0.0,0.0,0.0015785694122314453,1,1,1,0,0,2,0.0,0.00321
3600,0.0,0.0,0.0,0.0,0.0010256767272949219,1,1,1,0,0,2,0.08204,0.0031
3660,0.0,0.0,0.0,0.0,0.0020225048065185547,1,1,1,0,0,1,0.0,0.00321
3720,0.0,0.0015757083892822266,0.0,0.0,0.0015742778778076172,1,1,1,0,0,1,0.03647,0.00304
3780,0.0,0.0,0.0,0.0,0.0015377998352050781,0,0,0,0,0,0,0.0,0.00272
3840,0.0,0.0422213077545166,0.0,0.0016608238220214844,0.0015795230865478516,0,0,5,0,1,0,0.11026,0.04721
3900,0.0,0.0,0.0,0.0,0.0030426979064941406,5,4,4,0,1,0,0.0,0.00394
3960,0.0,0.0,0.0,0.0,0.0025413036346435547,1,1,1,0,0,1,0.0,0.00311
4020,0.0,0.0,0.0,0.0,0.0025243759155273438,1,1,1,0,0,1,0.0,0.00306
4080,0.0,0.0,0.0,0.0,0.001522064208984375,1,1,1,0,0,1,0.0,0.00322
4140,0.0,0.0,0.0005054473876953125,0.0,0.0015177726745605469,1,1,1,0,0,1,0.0,0.00323
4200,0.0,0.0,0.0,0.0,0.0015327930450439453,0,0,0,0,0,0,0.0,0.00256
4260,0.0,0.0,0.0,0.0,0.0015840530395507812,0,0,0,0,0,0,0.01907,0.00265
4320,0.0,0.007608175277709961,0.0,0.0015146732330322266,0.0025434494018554688,0,0,5,0,1,0,0.049019999999999994,0.0119
4380,0.0,0.0,0.0,0.0,0.0015499591827392578,1,1,1,0,0,1,0.0138,0.00316
4440,0.0,0.0059430599212646484,0.0,0.006288290023803711,0.003133535385131836,1,1,6,0,1,1,0.04793,0.01648
4500,0.0,0.0,0.0,0.0,0.0019519329071044922,2,2,2,0,0,2,0.0,0.0034
4560,0.0,0.03775382041931152,0.0,0.004886150360107422,0.0034444332122802734,1,3,7,0,1,2,0.04405,0.04625
4620,0.0,0.014357805252075195,0.0,0.05438876152038574,0.0036270618438720703,5,4,9,0,2,1,0.11896000000000001,0.07401
4680,0.0,0.038100242614746094,0.0018086433410644531,0.0,0.0032196044921875,2,4,6,0,1,3,0.05665,0.04457
4740,0.0,0.0,0.008978128433227539,0.0005068778991699219,0.0031371116638183594,6,5,5,0,1,3,0.0,0.01359
4800,0.0,0.0,0.0,0.0,0.0031087398529052734,2,2,2,0,0,3,0.0,0.00374
4860,0.0,0.0,0.0,0.0,0.0033254623413085938,1,1,1,0,0,2,0.03078,0.00325
4920,0.0,0.032099246978759766,0.0,0.003141641616821289,0.0021944046020507812,1,1,5,0,1,2,0.07997,0.03864
4980,0.0,0.0,0.0,0.007759571075439453,0.0016446113586425781,2,2,2,0,0,2,0.05475,0.01001
5040,0.0,0.0,0.0,0.0,0.0015549659729003906,2,2,2,0,0,2,0.0,0.00332
5100,0.0,0.03908181190490723,0.0,0.0017917156219482422,0.0016176700592041016,1,1,5,0,1,1,0.05786,0.0446
5160,0.0,0.032269954681396484,0.0,0.00154876708984375,0.0030527114868164062,2,2,6,0,1,2,0.03426,0.03734
5220,0.0,0.0,0.0,0.0,0.002026081085205078,3,3,3,0,0,3,0.01424,0.00398
5280,0.0,0.0,0.0,0.0,0.0031859874725341797,3,3,3,0,0,3,0.0,0.00361
5340,0.0,0.0,0.0,0.0,0.0021109580993652344,2,2,2,0,0,2,0.0,0.00358
5400,0.0,0.014102935791015625,0.0,0.0,0.004803657531738281,1,1,6,0,1,1,0.05497,0.01974
5460,0.0,0.010571002960205078,0.0,0.019127607345581055,0.0035402774810791016,2,2,13,0,2,2,0.05258,0.03508
5520,0.0,0.0562891960144043,0.001016855239868164,0.05536460876464844,0.0040721893310546875,2,4,12,0,3,3,0.12903,0.11844
5580,0.0,0.013609886169433594,0.02118396759033203,0.021165847778320312,0.0030205249786376953,9,8,15,0,4,3,0.12196,0.06111
5640,0.0,0.0,0.01825261116027832,0.006102800369262695,0.0025730133056640625,8,7,7,0,2,4,0.0,0.02864
5700,0.0,0.046031951904296875,0.0,0.015706300735473633,0.003204822540283203,4,6,11,0,3,4,0.09276999999999999,0.06645
5760,0.0,0.032959699630737305,0.0046384334564208984,0.01855182647705078,0.0031485557556152344,7,9,13,0,3,5,0.03556,0.0623
5820,0.0,0.0,0.007811307907104492,0.03163862228393555,0.0031690597534179688,7,7,7,0,2,4,0.0,0.04477
5880,0.0,0.0,0.0,0.0030527114868164062,0.0025572776794433594,5,5,5,0,1,4,0.0,0.00738
5940,0.0,0.0,0.0,0.0,0.0032525062561035156,4,4,4,0,0,4,0.0,0.00425
6000,0.0,0.0,0.0016169548034667969,0.0,0.0013802051544189453,4,4,4,0,0,4,0.0,0.00389
6060,0.0,0.017640352249145508,0.0,0.0015752315521240234,0.003399372100830078,1,3,7,0,1,2,0.01852,0.02326
6120,0.0,0.0,0.0,0.0015988349914550781,0.001913309097290039,1,1,1,0,0,1,0.0,0.00446
6180,0.0,0.0,0.0,0.0015990734100341797,0.0018396377563476562,1,1,1,0,0,1,0.0,0.00334
6240,0.0,0.0335385799407959,0.0,0.0015180110931396484,0.002524852752685547,0,0,5,0,1,0,0.03335,0.03706
6300,0.0,0.0,0.0,0.0,0.0015439987182617188,1,1,1,0,0,1,0.0,0.00327
6360,0.0,0.0,0.0,0.0,0.0025637149810791016,1,1,1,0,0,1,0.0,0.00311
6420,0.0,0.0,0.0,0.0,0.002925395965576172,1,1,1,0,0,1,0.03746,0.00303
6480,0.0,0.0,0.0,0.0,0.0020847320556640625,1,1,1,0,0,1,0.0,0.00304
6540,0.0,0.017123937606811523,0.0,0.0015902519226074219,0.003129243850708008,0,0,5,0,1,0,0.01878,0.02279
6600,0.0,0.03727293014526367,0.0,0.0015995502471923828,0.0031604766845703125,1,1,6,0,1,1,0.07830000000000001,0.04287
6660,0.0,0.038388729095458984,0.0,0.003164052963256836,0.0031006336212158203,3,2,9,0,2,0,0.07185,0.0453
6720,0.0,0.0,0.0,0.0,0.0034666061401367188,4,3,3,0,1,1,0.0,0.00409
6780,0.0,0.0,0.0,0.0,0.0015785694122314453,2,2,2,0,0,2,0.0,0.00349
6840,0.0,0.0,0.0,0.0,0.0031824111938476562,1,1,1,0,0,1,0.061619999999999994,0.00322
6900,0.0,0.0275418758392334,0.0015621185302734375,0.0,0.0015137195587158203,1,1,5,0,1,1,0.07147,0.03227
6960,0.0,0.0,0.0,0.0,0.0020797252655029297,2,2,2,0,0,2,0.0,0.00345
7020,0.0,0.0,0.0,0.0,0.0020399093627929688,2,2,2,0,0,2,0.0,0.00333
7080,0.0,0.0,0.0,0.0,0.002076387405395508,1,1,1,0,0,1,0.0,0.00348
7140,0.0,0.0,0.0010077953338623047,0.0,0.002023935317993164,1,1,1,0,0,1,0.04311,0.00349
