request_id,rq_type,number_passenger,rq_time,earliest_pickup_time,start,end,pickup_location,dropoff_location,access_time,egress_time,direct_route_travel_time,direct_route_distance,offers,decision_time,chosen_operator_id,operator_id,vehicle_id,pickup_time,dropoff_time,fare,modal_state
0,BasicRequest,1,180,180,2966;-1;-1,2988;-1;-1,,,,,278.91382899027775,2634.7327710788463,0:,,,,,,,,0
1,BasicRequest,1,180,180,2966;-1;-1,2973;-1;-1,,,,,296.69307469402173,2980.382453472116,0:,,,,,,,,0
4,BasicRequest,1,360,360,2977;-1;-1,2983;-1;-1,,,,,13.47694671413731,112.30788928447757,0:,,,,,,,,0
3,BasicRequest,1,360,360,2982;-1;-1,2980;-1;-1,,,,,158.13938860976754,1274.3900625592087,0:t_wait:171.36338281880387;t_drive:188.13938860976748;fare:127;vid:20,,,0,20,531.3633828188039,719.5027714285715,127,0
2,BasicRequest,1,300,300,2970;-1;-1,2987;-1;-1,,,,,171.63648313227776,1834.4631759372724,0:t_wait:193.215410005821;t_drive:201.63648313227782;fare:183;vid:49,,,0,49,493.21541000582107,694.8518931380985,183,0
6,BasicRequest,1,840,840,2993;-1;-1,2988;-1;-1,,,,,208.72429496749368,2316.518160262808,0:,,,,,,,,0
7,BasicRequest,1,840,840,2966;-1;-1,2967;-1;-1,,,,,103.09018014133937,889.1057434150202,0:,,,,,,,,0
5,BasicRequest,1,660,660,2983;-1;-1,2985;-1;-1,,,,,77.7585747541395,660.473174979857,0:t_wait:242.7752710645459;t_drive:107.75857475413954;fare:100;vid:49,,,0,49,902.7752710645458,1010.5338458186853,100,0
12,BasicRequest,1,1080,1080,2992;-1;-1,2980;-1;-1,,,,,198.06309279928786,2377.7959948882412,0:,,,,,,,,0
13,BasicRequest,1,1140,1140,2987;-1;-1,2984;-1;-1,,,,,127.4257940665604,1389.2919531006646,0:,,,,,,,,0
14,BasicRequest,1,1200,1200,2975;-1;-1,2981;-1;-1,,,,,108.18066588994196,924.4919490828495,0:,,,,,,,,0
9,BasicRequest,1,900,900,2976;-1;-1,2982;-1;-1,,,,,113.5625231680923,828.4892168769597,0:t_wait:233.45092479356867;t_drive:143.56252316809218;fare:100;vid:20,,,0,49,1094.2143030828595,1237.776826250952,100,0
8,BasicRequest,1,900,900,2977;-1;-1,2986;-1;-1,,,,,111.94455948550961,1060.4065922814564,0:t_wait:224.37232435040846;t_drive:141.94455948550967;fare:106;vid:49,,,0,20,1151.0352809182605,1292.9798404037697,106,0
11,BasicRequest,1,1080,1080,2977;-1;-1,2981;-1;-1,,,,,113.57192524896666,969.4191104080554,0:t_wait:267.44872435040793;t_drive:143.57192524896664;fare:100;vid:49,,,0.0,49.0,1347.4487243504084,1491.0206495993752,100.0,0
17,BasicRequest,1,1500,1500,2984;-1;-1,2972;-1;-1,,,,,166.20078449443824,1890.1043999290782,0:,,,,,,,,0
18,BasicRequest,1,1500,1500,2989;-1;-1,2977;-1;-1,,,,,200.30021679086175,2168.7248732571807,0:,,,,,,,,0
19,BasicRequest,1,1500,1500,2989;-1;-1,2975;-1;-1,,,,,126.96715614988648,1557.6160345823869,0:,,,,,,,,0
10,BasicRequest,1,960,960,2977;-1;-1,2991;-1;-1,,,,,254.82775117248474,2383.691365711668,0:t_wait:191.03528091826;t_drive:361.460687172485;fare:238;vid:20,,,0,20,1151.0352809182605,1512.4959680907443,238,0
21,BasicRequest,1,1620,1620,2978;-1;-1,2979;-1;-1,,,,,37.42546113022892,311.87884275190765,0:,,,,,,,,0
22,BasicRequest,1,1620,1620,2985;-1;-1,2982;-1;-1,,,,,129.65668328940987,1095.1193087163879,0:,,,,,,,,0
25,BasicRequest,1,1680,1680,2990;-1;-1,2982;-1;-1,,,,,224.7451087756582,1872.8759064638184,0:,,,,,,,,0
15,BasicRequest,1,1320,1320,2993;-1;-1,2969;-1;-1,,,,,63.79644102995483,886.0616809715947,0:t_wait:279.2488730394707;t_drive:93.79644102995485;fare:100;vid:20,,,0,20,1599.2488730394703,1693.0453140694249,100,0
16,BasicRequest,1,1440,1440,2977;-1;-1,2979;-1;-1,,,,,85.83247653831305,715.2706378192755,0:t_wait:213.60729920755148;t_drive:115.83247653831313;fare:100;vid:49,,,0,49,1653.6072992075515,1769.4397757458646,100,0
20,BasicRequest,1,1560,1560,2981;-1;-1,2979;-1;-1,,,,,36.17924043220354,176.13052741122,0:t_wait:270.9923753136609;t_drive:66.17924043220364;fare:100;vid:49,,,0,49,1830.9923753136613,1897.1716157458652,100,0
23,BasicRequest,1,1680,1680,2967;-1;-1,2990;-1;-1,,,,,137.56405431369114,1532.7491772517287,0:t_wait:134.34075001516817;t_drive:167.56405431369126;fare:153;vid:20,,,0.0,20.0,1814.3407500151684,2011.9048043288594,153.0,0
26,BasicRequest,1,2040,2040,2991;-1;-1,2993;-1;-1,,,,,56.75290494872581,788.2347909545251,0:,,,,,,,,0
27,BasicRequest,1,2040,2040,2969;-1;-1,2993;-1;-1,,,,,75.16881497004519,1044.011319028405,0:,,,,,,,,0
28,BasicRequest,1,2100,2100,2973;-1;-1,2981;-1;-1,,,,,178.24268845651838,1853.8591110857842,0:,,,,,,,,0
24,BasicRequest,1,1680,1680,2969;-1;-1,2977;-1;-1,,,,,256.65680684883455,2203.346162362212,0:t_wait:222.27242149799622;t_drive:385.4986468488346;fare:220;vid:20,,,0.0,20.0,1902.2724214979967,2287.7710683468295,220.0,0
31,BasicRequest,1,2340,2340,2989;-1;-1,2978;-1;-1,,,,,246.70419219894586,2555.4246683245487,0:,,,,,,,,0
29,BasicRequest,1,2160,2160,2981;-1;-1,2976;-1;-1,,,,,135.07555748348486,1148.6160456957073,0:t_wait:118.44863131008378;t_drive:165.07555748348477;fare:114;vid:49,,,0,49,2278.4486313100842,2443.5241887935695,114,0
30,BasicRequest,1,2280,2280,2986;-1;-1,2984;-1;-1,,,,,83.35824565445503,777.242669599201,0:t_wait:149.71562783233912;t_drive:113.358245654455;fare:100;vid:20,,,0,20,2429.715627832338,2543.0738734867928,100,0
34,BasicRequest,1,2520,2520,2990;-1;-1,2970;-1;-1,,,,,11.053039959097989,92.10866632581656,0:t_wait:203.12949388360175;t_drive:41.05303995909799;fare:100;vid:32,,,0,32,2723.1294938835995,2764.182533842698,100,0
32,BasicRequest,1,2400,2400,2981;-1;-1,2969;-1;-1,,,,,173.93680390219876,2279.3367272297323,0:t_wait:211.83421531008526;t_drive:203.9368039021988;fare:227;vid:49,,,0,49,2611.834215310085,2815.7710192122836,227,0
33,BasicRequest,1,2460,2460,2992;-1;-1,2986;-1;-1,,,,,282.5871709173432,3048.067151629767,0:t_wait:131.62933504116836;t_drive:312.587170917343;fare:304;vid:8,,,0.0,8.0,2591.629335041169,2904.216505958512,304.0,0
37,BasicRequest,1,2760,2760,2970;-1;-1,2972;-1;-1,,,,,108.45391655041928,956.9275289670157,0:t_wait:4.182533842697467;t_drive:138.4539165504193;fare:100;vid:32,,,0.0,32.0,2764.182533842698,2902.636450393118,100.0,0
35,BasicRequest,1,2580,2580,2990;-1;-1,2988;-1;-1,,,,,136.17123910667578,1181.7688504120974,0:t_wait:143.1294938836013;t_drive:196.17123910667578;fare:118;vid:32,,,0.0,32.0,2723.1294938835995,2935.299201561705,118.0,0
40,BasicRequest,1,2940,2940,2990;-1;-1,2981;-1;-1,,,,,207.20330926693822,2611.7286438911515,0:,,,,,,,,0
36,BasicRequest,1,2700,2700,2972;-1;-1,2985;-1;-1,,,,,147.11132383387394,1272.6774024545982,0:t_wait:202.63645039311632;t_drive:212.75813983387388;fare:127;vid:32,,,0,32,2902.636450393118,3115.394590226991,127,0
38,BasicRequest,1,2880,2880,2993;-1;-1,2972;-1;-1,,,,,192.06001237033513,2183.785505143543,0:t_wait:75.16881497004533;t_drive:222.06001237033524;fare:218;vid:49,,,0,49,2955.168814970046,3177.2288273403806,218,0
41,BasicRequest,1,3000,3000,2977;-1;-1,2982;-1;-1,,,,,83.40450190054382,577.1723729807223,0:t_wait:229.23306875871504;t_drive:113.40450190054389;fare:100;vid:32,,,0,32,3229.2330687587137,3342.6375706592585,100,0
44,BasicRequest,1,3060,3060,2967;-1;-1,2981;-1;-1,,,,,220.37879558062934,2961.6368211428808,0:t_wait:166.61215956991146;t_drive:250.37879558062923;fare:296;vid:8,,,0,8,3226.612159569913,3476.9909551505425,296,0
43,BasicRequest,1,3060,3060,2973;-1;-1,2978;-1;-1,,,,,189.79905861563583,1927.1757957450964,0:t_wait:299.1366948535656;t_drive:219.79905861563566;fare:192;vid:20,,,0,49,3241.672355641283,3461.4714142569196,192,0
39,BasicRequest,1,2880,2880,2992;-1;-1,2982;-1;-1,,,,,275.14926418952024,3428.3669323290324,0:t_wait:279.5948310411691;t_drive:305.1492641895202;fare:342;vid:8,,,0.0,8.0,3159.59483104117,3559.905706659263,342.0,0
42,BasicRequest,1,3060,3060,2986;-1;-1,2970;-1;-1,,,,,208.5752713127597,2037.3895405612639,0:t_wait:259.7160577629161;t_drive:238.57527131275992;fare:203;vid:49,,,0.0,20.0,3304.127585546627,3542.7028568593882,203.0,0
49,BasicRequest,1,3600,3600,2983;-1;-1,2977;-1;-1,,,,,14.744653285862693,122.87211071552242,0:,,,,,,,,0
46,BasicRequest,1,3360,3360,2976;-1;-1,2987;-1;-1,,,,,125.94386434095271,1410.1941526762305,0:t_wait:100.68379034830923;t_drive:155.9438643409526;fare:141;vid:32,,,0,32,3460.6837903483083,3616.627654689261,141,0
45,BasicRequest,1,3300,3300,2982;-1;-1,2971;-1;-1,,,,,289.8986440772667,2915.378433977222,0:t_wait:42.63757065925756;t_drive:319.89864407726645;fare:291;vid:32,,,0,32,3342.6375706592585,3764.873092450811,291,0
52,BasicRequest,1,3840,3840,2969;-1;-1,2992;-1;-1,,,,,54.27810741700095,753.8626030139022,0:,,,,,,,,0
47,BasicRequest,1,3420,3420,2971;-1;-1,2985;-1;-1,,,,,186.57127949046634,1654.6552573063896,0:t_wait:221.69681775321442;t_drive:216.57127949046617;fare:165;vid:20,,,0,20,3641.696817753216,3858.268097243682,165,0
48,BasicRequest,1,3600,3600,2967;-1;-1,2982;-1;-1,,,,,273.2935470893493,3402.5930837155474,0:t_wait:275.79246891065077;t_drive:303.29354708934943;fare:340;vid:8,,,0,8,3875.7924689106517,4179.086016,340,0
50,BasicRequest,1,3720,3720,2974;-1;-1,2970;-1;-1,,,,,215.12566102862468,2128.3671755038336,0:t_wait:206.00049183076453;t_drive:245.12566102862502;fare:212;vid:20,,,0,20,3926.0004918307645,4174.777170002248,212,0
57,BasicRequest,1,4380,4380,2983;-1;-1,2966;-1;-1,,,,,323.34893081286066,2424.2986565656774,0:,,,,,,,,0
53,BasicRequest,1,3840,3840,2990;-1;-1,2981;-1;-1,,,,,207.20330926693822,2611.7286438911515,0:t_wait:293.72413004314876;t_drive:281.3047492669384;fare:261;vid:20,,,0.0,20.0,4133.72413004315,4415.028879310092,261.0,0
59,BasicRequest,1,4440,4440,2990;-1;-1,2981;-1;-1,,,,,207.20330926693822,2611.7286438911515,0:,,,,,,,,0
51,BasicRequest,1,3840,3840,2966;-1;-1,2988;-1;-1,,,,,278.91382899027775,2634.7327710788463,0:t_wait:293.5261326920445;t_drive:308.9138289902776;fare:263;vid:32,,,0,32,4133.5261326920445,4458.438430253751,263,0
61,BasicRequest,1,4620,4620,2979;-1;-1,2983;-1;-1,,,,,95.53311017582425,796.1092514652021,0:,,,,,,,,0
54,BasicRequest,1,4260,4260,2977;-1;-1,2992;-1;-1,,,,,290.68994856816636,2881.77744065169,0:t_wait:79.67189809945648;t_drive:320.6899485681661;fare:288;vid:8,,,0,8,4339.671898099455,4660.361846667619,288,0
55,BasicRequest,1,4320,4320,2972;-1;-1,2991;-1;-1,,,,,134.87611468093908,1408.086703901932,0:t_wait:105.7756790851654;t_drive:194.87611468093928;fare:140;vid:32,,,0,32,4425.775679085164,4620.6517937661,140,0
56,BasicRequest,1,4320,4320,2979;-1;-1,2975;-1;-1,,,,,151.75974624928307,1224.9515235059305,0:t_wait:161.2081197422931;t_drive:181.75974624928313;fare:122;vid:20,,,0,20,4481.208119742294,4722.369888848722,122,0
64,BasicRequest,1,4860,4860,2966;-1;-1,2992;-1;-1,,,,,131.62933504116845,1285.4828948015352,0:,,,,,,,,0
62,BasicRequest,1,4620,4620,2991;-1;-1,2987;-1;-1,,,,,221.9190199009194,2598.4939430683253,0:t_wait:0.651793766100127;t_drive:263.50041190091997;fare:259;vid:32,,,0.0,32.0,4620.6517937661,4884.152205667017,259.0,0
65,BasicRequest,1,4920,4920,2980;-1;-1,2972;-1;-1,,,,,344.7104419812344,2999.8842262698045,0:,,,,,,,,0
66,BasicRequest,1,4920,4920,2979;-1;-1,2993;-1;-1,,,,,232.48349158289759,3080.5375188469175,0:,,,,,,,,0
58,BasicRequest,1,4440,4440,2981;-1;-1,2971;-1;-1,,,,,283.9604755859867,2389.323696549889,0:t_wait:102.76071931009119;t_drive:404.5819590145584;fare:238;vid:20,,,0.0,20.0,4542.76071931009,4947.342678324648,238.0,0
68,BasicRequest,1,4980,4980,2986;-1;-1,2992;-1;-1,,,,,225.37832508265683,2665.0618483702337,0:,,,,,,,,0
60,BasicRequest,1,4560,4560,2973;-1;-1,2969;-1;-1,,,,,172.5497643587172,1931.331838315517,0:t_wait:283.8317753860647;t_drive:202.54976435871686;fare:193;vid:32,,,0,32,4843.831775386061,5076.381539744777,193,0
63,BasicRequest,1,4680,4680,2989;-1;-1,2967;-1;-1,,,,,195.59465388777056,1983.0931625223561,0:t_wait:199.66804930859053;t_drive:225.59465388777062;fare:198;vid:8,,,0,8,4879.668049308589,5105.262703196355,198,0
67,BasicRequest,1,4980,4980,2987;-1;-1,2984;-1;-1,,,,,127.4257940665604,1389.2919531006646,0:t_wait:102.64252223845051;t_drive:157.42579406656023;fare:138;vid:20,,,0,20,5082.642522238451,5240.068316305013,138,0
69,BasicRequest,1,5100,5100,2968;-1;-1,2981;-1;-1,,,,,194.08476562277556,2596.441960617133,0:t_wait:61.556733154208814;t_drive:224.0847656227752;fare:259;vid:8,,,0,8,5161.55673315421,5385.641498776987,259,0
75,BasicRequest,1,5460,5460,2984;-1;-1,2986;-1;-1,,,,,65.61792805983069,674.351330400799,0:,,,,,,,,0
76,BasicRequest,1,5460,5460,2984;-1;-1,2992;-1;-1,,,,,244.36331714248752,2495.7221787710323,0:,,,,,,,,0
77,BasicRequest,1,5520,5520,2986;-1;-1,2971;-1;-1,,,,,143.9257293494437,1571.4022146764878,0:,,,,,,,,0
78,BasicRequest,1,5520,5520,2970;-1;-1,2980;-1;-1,,,,,190.41372942632782,2063.6293026972103,0:,,,,,,,,0
79,BasicRequest,1,5520,5520,2978;-1;-1,2975;-1;-1,,,,,159.65721537951197,1267.7773662578381,0:,,,,,,,,0
70,BasicRequest,1,5160,5160,2989;-1;-1,2977;-1;-1,,,,,200.30021679086175,2168.7248732571807,0:t_wait:148.291518057973;t_drive:230.30021679086167;fare:216;vid:32,,,0.0,32.0,5308.291518057969,5538.591734848832,216.0,0
82,BasicRequest,1,5580,5580,2966;-1;-1,2970;-1;-1,,,,,180.96943784269993,1660.3445869925658,0:,,,,,,,,0
83,BasicRequest,1,5580,5580,2975;-1;-1,2976;-1;-1,,,,,43.17503937342681,359.7919947785567,0:,,,,,,,,0
71,BasicRequest,1,5220,5220,2985;-1;-1,2967;-1;-1,,,,,251.88232020006052,2621.804225000841,0:t_wait:94.97720634761026;t_drive:281.88232020006035;fare:262;vid:20,,,0,20,5314.97720634761,5596.859526547672,262,0
84,BasicRequest,1,5700,5700,2974;-1;-1,2987;-1;-1,,,,,48.51319330375963,673.7943514411061,0:,,,,,,,,0
85,BasicRequest,1,5700,5700,2971;-1;-1,2978;-1;-1,,,,,247.42003057313076,2561.389988109423,0:,,,,,,,,0
73,BasicRequest,1,5400,5400,2978;-1;-1,2969;-1;-1,,,,,213.5128417430813,2609.13704257042,0:t_wait:216.99875025691654;t_drive:243.51284174308148;fare:260;vid:32,,,0,32,5616.998750256915,5860.511591999995,260,0
72,BasicRequest,1,5400,5400,2967;-1;-1,2981;-1;-1,,,,,220.37879558062934,2961.6368211428808,0:t_wait:196.85952654767152;t_drive:250.37879558062923;fare:296;vid:20,,,0,20,5596.859526547672,5894.047730128303,296,0
74,BasicRequest,1,5460,5460,2969;-1;-1,2979;-1;-1,,,,,215.43577253000473,2566.624800181488,0:t_wait:224.7911980304989;t_drive:275.4357725300042;fare:256;vid:20,,,0,20,5684.791198030501,5960.226970560505,256,0
80,BasicRequest,1,5520,5520,2978;-1;-1,2993;-1;-1,,,,,269.9089527131265,3392.416361598825,0:t_wait:96.99875025691472;t_drive:348.68165671312636;fare:339;vid:32,,,0,32,5616.998750256915,5965.680406970037,339,0
81,BasicRequest,1,5580,5580,2984;-1;-1,2969;-1;-1,,,,,208.85791372548653,2002.5915757571302,0:t_wait:241.72106320108196;t_drive:238.85791372548647;fare:200;vid:8,,,0,8,5821.721063201083,6060.578976926568,200,0
86,BasicRequest,1,5760,5760,2969;-1;-1,2990;-1;-1,,,,,79.63238283086302,728.142628879116,0:t_wait:299.4768479999948;t_drive:109.63238283086321;fare:100;vid:32,,,0,32,6059.476847999992,6169.109230830856,100,0
87,BasicRequest,1,6060,6060,2978;-1;-1,2981;-1;-1,,,,,68.97806069802537,459.0023153406877,0:t_wait:266.7003991834872;t_drive:98.97806069802573;fare:100;vid:8,,,0,8,6326.700399183488,6425.678459881512,100,0
88,BasicRequest,1,6240,6240,2974;-1;-1,2982;-1;-1,,,,,144.42734698804207,1300.2674156418354,0:t_wait:182.45391378761633;t_drive:174.4273469880418;fare:130;vid:32,,,0.0,32.0,6422.4539137876145,6596.881260775657,130.0,0
92,BasicRequest,1,6600,6600,2973;-1;-1,2992;-1;-1,,,,,210.01846377571815,2451.7304413294187,0:,,,,,,,,0
93,BasicRequest,1,6660,6660,2966;-1;-1,2974;-1;-1,,,,,285.4550339569323,2330.159411488732,0:,,,,,,,,0
90,BasicRequest,1,6540,6540,2982;-1;-1,2983;-1;-1,,,,,47.50530195645064,395.8775163037551,0:t_wait:56.88126077565721;t_drive:77.50530195645024;fare:100;vid:32,,,0,32,6596.881260775657,6674.3865627321065,100,0
94,BasicRequest,1,6660,6660,2968;-1;-1,2991;-1;-1,,,,,33.2441435462937,461.72421592074585,0:t_wait:63.27041425873449;t_drive:63.244143546293344;fare:100;vid:8,,,0.0,8.0,6723.270414258736,6786.51455780503,100.0,0
95,BasicRequest,1,6840,6840,2985;-1;-1,2987;-1;-1,,,,,62.67184160512741,870.4422445156586,0:,,,,,,,,0
96,BasicRequest,1,6840,6840,2991;-1;-1,2983;-1;-1,,,,,292.24421954165257,3171.840523572809,0:,,,,,,,,0
89,BasicRequest,1,6420,6420,2992;-1;-1,2980;-1;-1,,,,,198.06309279928786,2377.7959948882412,0:t_wait:245.12066720071198;t_drive:228.06309279928792;fare:237;vid:8,,,0,8,6665.12066720071,6984.1673040000005,237,0
91,BasicRequest,1,6600,6600,2973;-1;-1,2982;-1;-1,,,,,189.2132879652384,1922.294373658451,0:t_wait:257.863284810418;t_drive:219.21328796523812;fare:192;vid:32,,,0,32,6857.863284810417,7077.076572775657,192,0
98,BasicRequest,1,6900,6900,2976;-1;-1,2972;-1;-1,,,,,184.56391718766565,2043.130505705973,0:t_wait:252.13989042604044;t_drive:214.56391718766554;fare:204;vid:10,,,0,10,7152.139890426043,7366.7038076137105,204,0
97,BasicRequest,1,6900,6900,2983;-1;-1,2971;-1;-1,,,,,242.39334212081602,2519.500917673467,0:t_wait:254.58187473210637;t_drive:272.39334212081576;fare:251;vid:32,,,0,32,7154.581874732106,7456.97521685292,251,0
99,BasicRequest,1,7140,7140,2988;-1;-1,2971;-1;-1,,,,,86.6229651748205,775.530490028943,0:t_wait:200.35225167810313;t_drive:116.62296517482082;fare:100;vid:32,,,0,32,7340.352251678103,7456.97521685292,100,0
