rq_time,start,end,request_id
381,293,2980,19
450,598,2980,26
974,1073,2980,48
1105,2830,2980,10
1124,6144,2980,8
1213,4038,2966,5
1235,2667,2966,22
1419,5181,2980,18
1460,4639,2966,44
1606,327,2966,39
1806,3017,2980,31
2015,1254,2980,40
2074,5219,2966,29
2185,5965,2980,20
2361,4857,2980,7
2492,3460,2966,1
2569,227,2980,4
2693,3217,2980,3
2785,4189,2966,35
2930,290,2980,28
2943,5971,2966,6
3026,6043,2966,25
3074,7257,2966,17
3175,345,2980,32
3442,2693,2980,11
3470,2253,2980,38
3868,604,2966,24
3881,4518,2980,49
3887,2405,2980,16
4060,5967,2980,46
4166,3138,2966,37
4350,1861,2980,47
4394,1617,2966,21
4415,2060,2980,27
4500,1240,2980,0
4582,5093,2966,13
4870,1583,2966,42
4918,3788,2966,45
4932,5554,2966,2
5043,305,2980,34
5054,3211,2980,36
5118,6445,2966,15
5851,3963,2966,23
6005,6629,2966,33
6039,6788,2980,9
6263,967,2980,43
6307,6679,2980,14
6973,3670,2966,41
6990,6115,2980,30
7060,495,2966,12
