sim_time,reservation_time_trigger,dyn_fleetsizing_strategy,RV_computation_time,Update_V2RB_computation_time,Compute_V2RB_computation_time,Solve_assignment_computation_time,N_V2RBs_at_start,N_V2RBs_after_update,N_V2RBs_after_build,N_Rqs_unassigned,N_Rqs_assigned,N_Rqs_locked,user_requests,request_batch
0,0.0,0.0,0.0,0.0,0.0,0.0031676292419433594,0,0,0,0,0,0,0.0,0.00292
60,0.0,0.0,0.0,0.0,0.0,0.0015149116516113281,0,0,0,0,0,0,0.0,0.00274
120,0.0,0.0,0.0,0.0,0.0,0.0016722679138183594,0,0,0,0,0,0,0.0,0.00258
180,0.0,0.0,0.05841636657714844,0.0,0.021709442138671875,0.0026085376739501953,0,0,9,0,2,0,0.07818,0.08499
240,0.0,0.0,0.0,0.0018644332885742188,0.0,0.0016145706176757812,9,3,3,0,2,0,0.0,0.00463
300,0.0,0.0,0.03851771354675293,0.0,0.015058279037475586,0.0015761852264404297,3,3,7,0,3,0,0.05099,0.05667
360,0.0,0.0,0.05669450759887695,0.006133317947387695,0.2222137451171875,0.0014500617980957031,6,5,15,0,5,0,0.09267,0.28885
420,0.0,0.0,0.0,0.0,0.0,0.001569509506225586,4,4,4,0,1,4,0.0,0.00446
480,0.0,0.0,0.0,0.01744675636291504,0.0171663761138916,0.003161907196044922,3,3,3,0,1,3,0.0,0.03937
540,0.0,0.0,0.0005381107330322266,0.013059854507446289,0.0,0.001552581787109375,3,3,3,0,0,4,0.0,0.01728
600,0.0,0.0,0.0,0.006555318832397461,0.0,0.0016074180603027344,2,2,2,0,0,3,0.0,0.00935
660,0.0,0.0,0.01256704330444336,0.0015766620635986328,0.004847049713134766,0.0015900135040283203,2,2,5,0,1,3,0.01339,0.02224
720,0.0,0.0,0.0,0.0,0.0,0.0035829544067382812,3,3,3,0,0,4,0.0,0.00383
780,0.0,0.0,0.0,0.0,0.020225048065185547,0.002573251724243164,2,2,2,0,0,2,0.0,0.02351
840,0.0,0.0,0.06928467750549316,0.0,0.020642995834350586,0.0017774105072021484,0,0,6,0,2,0,0.06989000000000001,0.09341
900,0.0,0.0,0.037499189376831055,0.011230945587158203,0.12831354141235352,0.0015823841094970703,3,3,12,0,4,0,0.14598,0.18148
960,0.0,0.0,0.022191762924194336,0.04990696907043457,0.07406115531921387,0.003692626953125,10,8,21,0,5,0,0.13342,0.15191
1020,0.0,0.0,0.0,0.004599809646606445,0.0,0.0013632774353027344,5,5,5,0,2,3,0.0,0.00807
1080,0.0,0.0,0.07153463363647461,0.0,0.07735276222229004,0.003406047821044922,2,4,7,0,3,4,0.17722,0.15339
1140,0.0,0.0,0.03777003288269043,0.0,0.0433046817779541,0.0015726089477539062,5,7,8,0,3,5,0.06814,0.08485
1200,0.0,0.0,0.0,0.0,0.16143012046813965,0.0029838085174560547,6,6,7,0,3,3,0.11001,0.16526
1260,0.0,0.0,0.0,0.004620075225830078,0.0,0.0032012462615966797,7,7,7,0,3,3,0.0,0.00891
1320,0.0,0.0,0.039017677307128906,0.0015583038330078125,0.08714079856872559,0.0030431747436523438,4,6,7,0,2,4,0.11045,0.13322
1380,0.0,0.0,0.0,0.0010156631469726562,0.0276029109954834,0.0030689239501953125,4,4,5,0,2,2,0.0,0.03259
1440,0.0,0.0,0.026581287384033203,0.0,0.07068824768066406,0.0018100738525390625,3,5,6,0,1,4,0.02965,0.10106
1500,0.0,0.0,0.09744524955749512,0.002619504928588867,0.1097102165222168,0.0031309127807617188,3,5,22,0,4,3,0.22774999999999998,0.21673
1560,0.0,0.0,0.015275716781616211,0.007671833038330078,0.03217172622680664,0.0030541419982910156,8,10,16,0,4,3,0.0438,0.06039
1620,0.0,0.0,0.051723480224609375,0.01766061782836914,0.06948018074035645,0.003399372100830078,6,7,19,0,5,2,0.16369,0.14501
1680,0.0,0.0,0.0747075080871582,0.007877826690673828,0.05506443977355957,0.0042591094970703125,10,12,25,0,6,3,0.4505,0.14438
1740,0.0,0.0,0.0,0.0010247230529785156,0.0,0.0030689239501953125,12,12,12,0,3,6,0.0,0.00621
1800,0.0,0.024,0.0,0.0,0.05556511878967285,0.0032362937927246094,4,4,6,0,3,2,0.0,0.05998
1860,0.0,0.0,0.0,0.0,0.008569478988647461,0.0020415782928466797,1,4,4,0,1,4,0.0,0.01349
1920,0.0,0.0,0.0,0.0,0.0,0.002590179443359375,4,4,4,0,0,4,0.0,0.00491
1980,0.0,0.0,0.0,0.0010259151458740234,0.0,0.0020139217376708984,4,4,4,0,0,4,0.0,0.00461
2040,0.0,0.0,0.0,0.0,0.0,0.0015799999237060547,3,3,3,0,0,3,0.07793,0.00423
2100,0.0,0.0,0.03884410858154297,0.0,0.007771730422973633,0.0015347003936767578,2,4,4,0,1,3,0.03962,0.05084
2160,0.0,0.0,0.0,0.0,0.0,0.0031461715698242188,3,3,3,0,1,2,0.02114,0.00472
2220,0.0,0.0,0.0,0.0,0.0,0.0015883445739746094,2,2,2,0,1,1,0.0,0.0041
2280,0.0,0.0,0.0,0.0,0.0,0.0031719207763671875,1,1,1,0,1,0,0.02966,0.00414
2340,0.0,0.0,0.0,0.0,0.0015494823455810547,0.0015456676483154297,1,1,1,0,1,0,0.04211,0.00389
2400,0.0,0.0,0.015467405319213867,0.0015575885772705078,0.0,0.0015666484832763672,0,2,2,0,1,1,0.01596,0.02002
2460,0.0,0.0,0.0,0.0,0.0,0.0021359920501708984,2,2,2,0,1,1,0.06278,0.00404
2520,0.0,0.0,0.0,0.0,0.0,0.0020394325256347656,2,2,2,0,1,1,0.04019,0.00422
2580,0.0,0.0,0.0,0.0,0.0010275840759277344,0.0020253658294677734,2,2,2,0,1,1,0.04063,0.00409
2640,0.0,0.0,0.0,0.0,0.0015571117401123047,0.0025768280029296875,1,1,1,0,0,1,0.0,0.00394
2700,0.0,0.0,0.03987479209899902,0.0,0.0,0.0036699771881103516,0,2,2,0,1,1,0.03966,0.04415
2760,0.0,0.0,0.0,0.0,0.0,0.001577138900756836,2,2,2,0,1,1,0.04616,0.0041
2820,0.0,0.0,0.0,0.0015878677368164062,0.0,0.0015685558319091797,2,2,2,0,1,1,0.0,0.00406
2880,0.0,0.0,0.0,0.0,0.0,0.0016078948974609375,1,1,1,0,1,0,0.14083,0.00357
2940,0.0,0.0,0.0,0.0,0.0,0.003398895263671875,1,1,1,0,1,0,0.04132,0.00369
3000,0.0,0.0,0.019098520278930664,0.0,0.0031621456146240234,0.0015959739685058594,0,2,2,0,1,1,0.0199,0.02474
3060,0.0,0.0,0.0,0.0,0.0,0.003195524215698242,2,2,2,0,1,1,0.10427,0.00423
3120,0.0,0.0,0.0,0.0,0.0,0.0032417774200439453,2,2,2,0,1,1,0.0,0.00438
3180,0.0,0.0,0.0,0.0,0.0,0.003654956817626953,1,1,1,0,1,0,0.0,0.00354
3240,0.0,0.0,0.0,0.0,0.0,0.0032033920288085938,1,1,1,0,1,0,0.0,0.00353
3300,0.0,0.0,0.00788736343383789,0.0,0.0015795230865478516,0.003203868865966797,0,2,2,0,1,1,0.00877,0.01296
3360,0.0,0.0,0.021787405014038086,0.0,0.0015347003936767578,0.003094911575317383,0,2,4,0,2,1,0.04061,0.02764
3420,0.0,0.0,0.0,0.0,0.0015354156494140625,0.0015444755554199219,1,2,2,0,1,1,0.03837,0.00507
3480,0.0,0.0,0.0,0.0062198638916015625,0.0,0.0031273365020751953,2,2,2,0,1,1,0.0,0.01047
3540,0.0,0.0,0.0,0.0,0.0,0.002007722854614258,1,1,1,0,0,2,0.0,0.00362
3600,0.0,0.001,0.0,0.0,0.0,0.0015985965728759766,1,1,1,0,0,2,0.09437,0.00358
3660,0.0,0.0,0.0,0.0,0.0,0.0016036033630371094,1,1,1,0,0,2,0.0,0.00342
3720,0.0,0.0,0.03232240676879883,0.0005071163177490234,0.003027677536010742,0.0030524730682373047,0,2,3,0,1,1,0.03744,0.03921
3780,0.0,0.0,0.0,0.0,0.0010046958923339844,0.002012014389038086,3,2,2,0,1,1,0.0,0.0043
3840,0.0,0.0,0.06803560256958008,0.0,0.014948606491088867,0.002063751220703125,0,0,6,0,3,0,0.23553999999999997,0.08752
3900,0.0,0.0,0.0,0.03433394432067871,0.0,0.003621816635131836,6,5,5,0,3,0,0.0,0.03842
3960,0.0,0.0,0.0,0.019758939743041992,0.0,0.0031409263610839844,4,4,4,0,2,1,0.0,0.02332
4020,0.0,0.0,0.0,0.014162778854370117,0.0,0.0030379295349121094,4,3,3,0,2,1,0.0,0.01762
4080,0.0,0.0,0.0,0.0015916824340820312,0.0,0.0031898021697998047,3,3,3,0,2,1,0.0,0.00616
4140,0.0,0.0,0.0,0.0,0.0,0.0015654563903808594,2,2,2,0,0,3,0.0,0.00395
4200,0.0,0.0,0.0,0.0,0.0,0.0015635490417480469,2,2,2,0,0,3,0.0,0.00376
4260,0.0,0.0,0.0,0.001544952392578125,0.0015609264373779297,0.0016252994537353516,2,2,2,0,0,2,0.02035,0.00563
4320,0.0,0.0,0.06629252433776855,0.0015780925750732422,0.03528618812561035,0.003099203109741211,0,4,4,0,2,2,0.07941999999999999,0.10824
4380,0.0,0.0,0.0,0.0010097026824951172,0.0005059242248535156,0.0025391578674316406,4,4,4,0,2,2,0.08779,0.00553
4440,0.0,0.0,0.019110918045043945,0.0016164779663085938,0.004748106002807617,0.003205537796020508,1,3,5,0,2,3,0.10632,0.02933
4500,0.0,0.0,0.0,0.0,0.019525766372680664,0.003225564956665039,2,3,3,0,1,2,0.0,0.02387
4560,0.0,0.0,0.03675699234008789,0.0,0.012310504913330078,0.002634763717651367,1,3,3,0,1,3,0.06458,0.05307
4620,0.0,0.0,0.0,0.0,0.0,0.0032033920288085938,3,3,3,0,1,3,0.07324,0.00435
4680,0.0,0.0,0.038530826568603516,0.000423431396484375,0.0015976428985595703,0.0026023387908935547,1,1,5,0,2,2,0.05907,0.04517
4740,0.0,0.0,0.0,0.0018277168273925781,0.0,0.001615762710571289,5,5,5,0,2,2,0.0,0.00507
4800,0.0,0.0,0.0,0.0015959739685058594,0.007210969924926758,0.0034072399139404297,4,4,5,0,2,1,0.0,0.01306
4860,0.0,0.0,0.0,0.0016770362854003906,0.0,0.0031571388244628906,4,4,4,0,1,2,0.03168,0.00558
4920,0.0,0.0,0.0,0.007940292358398438,0.0,0.0015790462493896484,4,3,3,0,1,2,0.09919,0.01131
4980,0.0,0.0,0.031738996505737305,0.0,0.007891654968261719,0.0014395713806152344,1,3,3,0,1,3,0.11768,0.04365
5040,0.0,0.0,0.0,0.0,0.0,0.0032508373260498047,2,2,2,0,1,2,0.0,0.00398
5100,0.0,0.0,0.0364227294921875,0.0,0.01110982894897461,0.003216266632080078,1,3,3,0,1,3,0.07341,0.05329
5160,0.0,0.0,0.03968954086303711,0.0,0.0015599727630615234,0.003140687942504883,1,4,5,0,2,2,0.0545,0.04521
5220,0.0,0.0,0.0,0.0,0.0,0.0030863285064697266,5,5,5,0,2,2,0.0682,0.00466
5280,0.0,0.0,0.0,0.0,0.0019822120666503906,0.001569986343383789,2,2,2,0,1,1,0.0,0.00421
5340,0.0,0.0,0.0,0.0,0.0,0.0031805038452148438,2,2,2,0,1,1,0.0,0.00384
5400,0.0,0.041,0.01895427703857422,0.0,0.017290115356445312,0.0015947818756103516,1,3,4,0,2,1,0.058649999999999994,0.03995
5460,0.0,0.0,0.04129219055175781,0.0,0.0282442569732666,0.004256248474121094,0,3,5,0,2,3,0.08238999999999999,0.07579
5520,0.0,0.0,0.0,0.0,0.0,0.0035779476165771484,5,5,5,0,2,3,0.08549,0.00538
5580,0.0,0.0,0.0,0.0,0.0,0.0031366348266601562,5,5,5,0,2,2,0.07935,0.00532
5640,0.0,0.0,0.0,0.0015752315521240234,0.0,0.003194093704223633,5,5,5,0,2,2,0.0,0.00545
5700,0.0,0.0,0.0,0.0,0.0,0.0031614303588867188,2,2,4,0,2,1,0.11207,0.00496
5760,0.0,0.0,0.0,0.0,0.0005085468292236328,0.00152587890625,2,2,2,0,0,3,0.03708,0.00399
5820,0.0,0.0,0.0,0.0,0.0,0.003042936325073242,2,2,2,0,0,3,0.0,0.00409
5880,0.0,0.0,0.0,0.0,0.004667758941650391,0.0031828880310058594,1,1,1,0,0,1,0.0,0.00861
5940,0.0,0.0,0.0,0.0,0.0,0.002551555633544922,1,1,1,0,0,1,0.0,0.00354
6000,0.0,0.0,0.0,0.0,0.0,0.0015506744384765625,1,1,1,0,0,1,0.0,0.00367
6060,0.0,0.0,0.0,0.0,0.0,0.001567840576171875,1,1,1,0,0,1,0.03704,0.00335
6120,0.0,0.0,0.0,0.0,0.0,0.0015363693237304688,0,0,0,0,0,0,0.0,0.003
6180,0.0,0.0,0.0,0.0,0.0,0.0030863285064697266,0,0,0,0,0,0,0.0,0.00358
6240,0.0,0.0,0.02999567985534668,0.0,0.0,0.003395557403564453,0,0,1,0,1,0,0.03127,0.03442
6300,0.0,0.0,0.0,0.0,0.0,0.001630544662475586,1,1,1,0,1,0,0.0,0.00344
6360,0.0,0.0,0.0,0.0,0.0,0.0015647411346435547,1,1,1,0,1,0,0.0,0.00345
6420,0.0,0.0,0.0,0.0,0.0,0.0022835731506347656,1,1,1,0,1,0,0.0388,0.00339
6480,0.0,0.0,0.0,0.0,0.0,0.0034055709838867188,1,1,1,0,1,0,0.0,0.00351
6540,0.0,0.0,0.008158445358276367,0.0015513896942138672,0.001588582992553711,0.0031511783599853516,0,2,3,0,1,1,0.00826,0.01435
6600,0.0,0.0,0.03641223907470703,0.0,0.0015633106231689453,0.0036230087280273438,2,2,5,0,2,1,0.07621,0.043
6660,0.0,0.0,0.0,0.0032033920288085938,0.0,0.0026319026947021484,5,5,5,0,2,1,0.12872999999999998,0.00589
6720,0.0,0.0,0.0,0.0,0.007763862609863281,0.0015192031860351562,2,2,2,0,1,1,0.0,0.0109
6780,0.0,0.0,0.0,0.0,0.0,0.0015938282012939453,1,1,1,0,1,0,0.0,0.00364
6840,0.0,0.0,0.020407915115356445,0.0,0.0010073184967041016,0.003033876419067383,1,1,3,0,2,0,0.09514,0.02499
6900,0.0,0.0,0.032732486724853516,0.0,0.00616765022277832,0.0030393600463867188,0,2,6,0,3,1,0.04073,0.04421
6960,0.0,0.0,0.0,0.0020461082458496094,0.0,0.002559661865234375,6,6,6,0,3,1,0.0,0.00624
7020,0.0,0.0,0.0,0.007700443267822266,0.0,0.0030651092529296875,4,4,4,0,2,2,0.0,0.01209
7080,0.0,0.0,0.0,0.0,0.0,0.0030448436737060547,3,3,3,0,1,3,0.0,0.00456
7140,0.0,0.0,0.040375471115112305,0.0,0.022217273712158203,0.0030591487884521484,2,4,6,0,2,3,0.04108,0.06733
