operator_id,vehicle_id,vehicle_type,status,locked,start_time,end_time,start_pos,end_pos,driven_distance,start_soc,end_soc,charging_power,charging_unit,toll,rq_on_board,occupancy,rq_boarding,rq_alighting,route,trajectory
0,1,unmanned_bike_collector,route,False,420.0,504.1658449306271,2991;-1;-1,598;-1;-1,938.9320684809306,0.75,0.7499061067931518,0.0,,0,,0,,,2991;3010;5658;3008;4585;330;4588;5827;7412;4686;5074;5295;5274;7181;604;603;602;3851;4573;1400;971;598,2991:420;3010:424.047268930627;5658:424.854868930627;3008:432.957748930627;4585:455.286028930627;330:464.88170893062704;4588:465.45410893062706;5827:467.73442093062704;7412:470.633068930627;4686:471.70378093062703;5074:478.64429293062705;5295:478.87454893062704;5274:424.047268930627;7181:424.854868930627;604:432.957748930627;603:455.286028930627;602:464.88170893062704;3851:465.45410893062706;4573:467.73442093062704;1400:470.633068930627;971:471.70378093062703;598:478.64429293062705
0,1,unmanned_bike_collector,boarding,True,504.1658449306271,534.1658449306271,598;-1;-1,598;-1;-1,0.0,0.7499061067931518,0.7499061067931518,0.0,,0,26,1,26,,,
0,1,unmanned_bike_collector,route,False,534.1658449306271,617.6527461949695,598;-1;-1,2980;-1;-1,786.4600013473325,0.7499061067931518,0.7498274607930171,0.0,,0,26,1,,,598;1368;591;585;940;1370;939;1903;983;3921;840;2881;5099;1157;2058;2092;915;2980,598:534.1658449306271;1368:535.1261809306271;591:535.1261809306271;585:540.9971329306271;940:554.1683809306271;1370:560.7482449306272;939:567.7748689306271;1903:568.4715409306272;983:569.2931329306272;3921:570.2756449306272;840:574.0737889306272;2881:578.6346289306272;5099:585.2652529306272;1157:586.4181169306272;2058:591.15725978777;2092:596.9470883591986;915:540.9971329306271;2980:554.1683809306271
0,1,unmanned_bike_collector,boarding,True,617.6527461949695,647.6527461949695,2980;-1;-1,2980;-1;-1,0.0,0.7498274607930171,0.7498274607930171,0.0,,0,26,1,,26,,
0,0,unmanned_bike_collector,route,False,960,1245.230306513517,2976;-1;-1,1073;-1;-1,2766.445278088836,0.75,0.7497233554721912,0.0,,0,,0,,,2976;7557;2806;4344;2996;3013;7322;2804;3061;1173;3425;3125;3406;2825;1944;130;99;4526;714;2800;4332;799;3653;3825;7127;1836;4248;5046;7138;6879;1367;3637;3640;3643;7179;5275;5297;5072;1464;2847;5825;4587;5794;3202;2065;2023;4203;537;18;5629;1068;2559;6740;1717;2067;2720;4210;4976;1079;3450;4216;4617;4623;4211;1066;4117;5334;4196;1081;1073,2976:960;7557:964.9903533706603;2806:972.8241933706603;4344:974.0271933706603;2996:976.0706733706603;3013:980.8557933706603;7322:984.8664333706603;2804:988.1931933706603;3061:994.8612333706603;1173:1000.4595933706603;3425:1001.6425533706603;3125:1002.8960733706602;3406:1015.2504333706603;2825:1017.7201533706603;1944:1019.0315133706604;130:964.9903533706603;99:972.8241933706603;4526:974.0271933706603;714:976.0706733706603;2800:980.8557933706603;4332:984.8664333706603;799:988.1931933706603;3653:994.8612333706603;3825:1000.4595933706603;7127:1001.6425533706603;1836:1002.8960733706602;4248:1015.2504333706603;5046:1017.7201533706603;7138:1019.0315133706604;6879:1021.4191533706604;1367:1021.8993933706604;3637:1030.3089933706603;3640:1033.1058333706603;3643:1035.1122333706603;7179:1035.9278733706603;5275:1037.1087933706604;5297:1041.7050333706604;5072:1042.9536333706603;1464:1021.4191533706604;2847:1021.8993933706604;5825:1030.3089933706603;4587:1033.1058333706603;5794:1035.1122333706603;3202:1035.9278733706603;2065:1037.1087933706604;2023:1041.7050333706604;4203:1042.9536333706603;537:1086.5137533706604;18:1087.8647133706604;5629:1102.4099133706604;1068:1118.7504333706604;2559:1120.3890333706604;6740:1126.6554333706604;1717:1138.1483133706604;2067:1086.5137533706604;2720:1087.8647133706604;4210:1102.4099133706604;4976:1118.7504333706604;1079:1120.3890333706604;3450:1126.6554333706604;4216:1138.1483133706604;4617:1140.0414333706603;4623:1140.8945613706603;4211:1141.9581453706603;1066:1145.5365453706604;4117:1150.0458333706604;5334:1153.4246493706603;4196:1153.6549053706603;1081:1160.5954173706602;1073:1161.6661293706602
0,0,unmanned_bike_collector,boarding,True,1245.230306513517,1275.230306513517,1073;-1;-1,1073;-1;-1,0.0,0.7497233554721912,0.7497233554721912,0,,0,48,1,48,,,
0,0,unmanned_bike_collector,route,False,1275.230306513517,1467.53275177786,1073;-1;-1,2980;-1;-1,2195.4910013473323,0.7497233554721912,0.7495038063720565,0.0,,0,48,1,,,1073;5335;4118;4180;4213;4620;1421;4214;3449;4218;4978;1076;1711;98;2497;7434;2760;542;1074;4204;5649;5760;205;5793;1407;5826;7411;4686;5074;5295;5274;7181;604;603;602;3851;4573;1400;971;598;1368;591;585;940;1370;939;1903;983;3921;840;2881;5099;1157;2058;2092;915;2980,1073:1275.230306513517;5335:1275.621986513517;4118:1277.471546513517;4180:1278.834146513517;4213:1279.581026513517;4620:1280.1972265135169;1421:1282.9525465135168;4214:1285.6478665135169;3449:1288.659026513517;4218:1289.9804665135168;4978:1292.0731465135168;1076:1293.6435865135168;1711:1294.7732665135168;98:1303.3890745135168;2497:1304.8997065135168;7434:1312.1075545135168;2760:1318.6460905135168;542:1275.621986513517;1074:1277.471546513517;4204:1278.834146513517;5649:1279.581026513517;5760:1280.1972265135169;205:1282.9525465135168;5793:1285.6478665135169;1407:1288.659026513517;5826:1289.9804665135168;7411:1292.0731465135168;4686:1293.6435865135168;5074:1294.7732665135168;5295:1303.3890745135168;5274:1304.8997065135168;7181:1312.1075545135168;604:1318.6460905135168;603:1326.1741945135168;602:1327.107602513517;3851:1328.0892505135168;4573:1328.8900345135169;1400:1334.448362513517;971:1339.592618513517;598:1343.7139705135169;1368:1345.3341145135169;591:1347.614426513517;585:1350.513074513517;940:1351.583786513517;1370:1358.524298513517;939:1358.754554513517;1903:1362.1333705135169;983:1366.6426585135168;3921:1370.221058513517;840:1371.284642513517;2881:1372.137770513517;5099:1373.141162513517;1157:1377.447482513517;2058:1379.180162513517;2092:1326.1741945135168;915:1327.107602513517;2980:1328.0892505135168
0,0,unmanned_bike_collector,boarding,True,1467.53275177786,1497.53275177786,2980;-1;-1,2980;-1;-1,0.0,0.7495038063720565,0.7495038063720565,0.0,,0,48,1,,48,,
0,1,unmanned_bike_collector,route,True,1800.0,2009.647429021372,2980;-1;-1,598;-1;-1,1600.103998652667,0.7498274607930171,0.7496674503931519,0.0,,0,,0,,,2980;914;2135;1730;2664;2579;2961;2407;2581;370;361;2874;1887;1805;363;366;2314;2877;1748;2880;906;984;2268;1857;1806;1371;938;5442;4054;2205;1369;2047;3631;4079;4572;4591;3195;3259;1405;1402;1400;971;598,2980:1800;914:1815.8821707356576;2135:1823.8330278785147;1730:1839.2893707356575;2664:1841.1114850213717;2579:1845.9874278785146;2961:1815.8821707356576;2407:1823.8330278785147;2581:1839.2893707356575;370:1841.1114850213717;361:1845.9874278785146;2874:1862.7582850213716;1887:1868.0070850213717;1805:1876.4943421642288;363:1878.0771901642288;366:1880.5742941642288;2314:1881.1603021642288;2877:1886.8156861642287;1748:1887.8463661642288;2880:1894.7550541642288;906:1896.1601341642288;984:1897.3050061642289;2268:1910.4761101642289;1857:1911.5946301642289;1806:1912.756422164229;1371:1862.7582850213716;938:1868.0070850213717;5442:1876.4943421642288;4054:1878.0771901642288;2205:1880.5742941642288;1369:1881.1603021642288;2047:1886.8156861642287;3631:1887.8463661642288;4079:1894.7550541642288;4572:1896.1601341642288;4591:1897.3050061642289;3195:1910.4761101642289;3259:1911.5946301642289;1405:1912.756422164229;1402:1924.981734164229;1400:1927.751430164229;971:1928.499294164229;598:1928.885214164229
0,1,unmanned_bike_collector,boarding,True,2009.647429021372,2039.647429021372,598;-1;-1,598;-1;-1,0.0,0.7496674503931519,0.7496674503931519,0.0,,0,,0,,,,
0,0,unmanned_bike_collector,route,True,1800,2081.960783307087,2980;-1;-1,1073;-1;-1,2807.5829986526674,0.7495038063720565,0.7492230480721912,0.0,,0,,0,,,2980;914;2135;1730;2664;2579;2961;2407;2581;370;361;2874;1887;1805;363;366;2314;2877;1748;2880;906;984;2268;1857;1806;1371;938;5442;4054;2205;1369;2047;3631;4079;4572;4577;778;3636;3639;3642;7178;5275;5297;5072;1464;2847;5825;4587;5794;3202;2065;2023;4203;537;18;5629;1068;2559;6740;1717;2067;2720;4210;4976;1079;3450;4216;4617;4623;4211;1066;4117;5334;4196;1081;1073,2980:1800;914:1815.8821707356576;2135:1823.8330278785147;1730:1839.2893707356575;2664:1841.1114850213717;2579:1845.9874278785146;2961:1815.8821707356576;2407:1823.8330278785147;2581:1839.2893707356575;370:1841.1114850213717;361:1845.9874278785146;2874:1862.7582850213716;1887:1868.0070850213717;1805:1876.4943421642288;363:1878.0771901642288;366:1880.5742941642288;2314:1881.1603021642288;2877:1886.8156861642287;1748:1887.8463661642288;2880:1894.7550541642288;906:1896.1601341642288;984:1897.3050061642289;2268:1910.4761101642289;1857:1911.5946301642289;1806:1912.756422164229;1371:1862.7582850213716;938:1868.0070850213717;5442:1876.4943421642288;4054:1878.0771901642288;2205:1880.5742941642288;1369:1881.1603021642288;2047:1886.8156861642287;3631:1887.8463661642288;4079:1894.7550541642288;4572:1896.1601341642288;4577:1897.3050061642289;778:1910.4761101642289;3636:1911.5946301642289;3639:1912.756422164229;3642:1924.981734164229;7178:1927.751430164229;5275:1928.499294164229;5297:1928.885214164229;5072:1929.547398164229;1464:1930.217574164229;2847:1932.798702164229;5825:1942.519350164229;4587:1950.159342164229;5794:1955.911782164229;3202:1962.357942164229;2065:1963.300998164229;2023:1964.863830164229;4203:1965.931086164229;537:1969.7295181642291;18:1971.4621981642292;5629:1975.7685181642291;1068:1976.7719101642292;2559:1977.6250381642292;6740:1978.6886221642292;1717:1924.981734164229;2067:1927.751430164229;2720:1928.499294164229;4210:1928.885214164229;4976:1929.547398164229;1079:1930.217574164229;3450:1932.798702164229;4216:1942.519350164229;4617:1950.159342164229;4623:1955.911782164229;4211:1962.357942164229;1066:1963.300998164229;4117:1964.863830164229;5334:1965.931086164229;4196:1969.7295181642291;1081:1971.4621981642292;1073:1975.7685181642291
0,0,unmanned_bike_collector,boarding,True,2081.960783307087,2111.960783307087,1073;-1;-1,1073;-1;-1,0.0,0.7492230480721912,0.7492230480721912,0.0,,0,,0,,,,
0,1,unmanned_bike_collector,route,True,2039.647429021372,2123.134330285714,598;-1;-1,2980;-1;-1,786.4600013473326,0.7496674503931519,0.7495888043930171,0.0,,0,,0,,,598;1368;591;585;940;1370;939;1903;983;3921;840;2881;5099;1157;2058;2092;915;2980,598:2039.647429021372;1368:2040.6077650213722;591:2046.4787170213722;585:2059.6499650213723;940:2066.229829021372;1370:2073.256453021372;939:2073.953125021372;1903:2074.774717021372;983:2075.757229021372;3921:2079.555373021372;840:2084.116213021372;2881:2090.746837021372;5099:2091.899701021372;1157:2096.6388438785148;2058:2040.6077650213722;2092:2046.4787170213722;915:2059.6499650213723;2980:2066.229829021372
0,1,unmanned_bike_collector,boarding,True,2123.134330285714,2153.134330285714,2980;-1;-1,2980;-1;-1,0.0,0.7495888043930171,0.7495888043930171,0.0,,0,,0,,,,
0,1,unmanned_bike_collector,out_of_service,True,2153.134330285714,2160.0,2980;-1;-1,2980;-1;-1,0.0,0.7495888043930171,0.7495888043930171,0.0,,0,,0,,,,
0,0,unmanned_bike_collector,route,True,2111.960783307087,2304.26322857143,1073;-1;-1,2980;-1;-1,2195.4910013473323,0.7492230480721912,0.7490034989720564,0.0,,0,,0,,,1073;5335;4118;4180;4213;4620;1421;4214;3449;4218;4978;1076;1711;98;2497;7434;2760;542;1074;4204;5649;5760;205;5793;1407;5826;7411;4686;5074;5295;5274;7181;604;603;602;3851;4573;1400;971;598;1368;591;585;940;1370;939;1903;983;3921;840;2881;5099;1157;2058;2092;915;2980,1073:2111.960783307087;5335:2112.352463307087;4118:2114.202023307087;4180:2115.564623307087;4213:2116.311503307087;4620:2116.927703307087;1421:2119.6830233070873;4214:2122.378343307087;3449:2125.389503307087;4218:2126.7109433070873;4978:2128.8036233070875;1076:2130.3740633070875;1711:2131.5037433070875;98:2140.1195513070875;2497:2141.6301833070875;7434:2148.8380313070875;2760:2155.3765673070875;542:2112.352463307087;1074:2114.202023307087;4204:2115.564623307087;5649:2116.311503307087;5760:2116.927703307087;205:2119.6830233070873;5793:2122.378343307087;1407:2125.389503307087;5826:2126.7109433070873;7411:2128.8036233070875;4686:2130.3740633070875;5074:2131.5037433070875;5295:2140.1195513070875;5274:2141.6301833070875;7181:2148.8380313070875;604:2155.3765673070875;603:2162.9046713070875;602:2163.8380793070874;3851:2164.8197273070873;4573:2165.6205113070873;1400:2171.1788393070874;971:2176.3230953070874;598:2180.4444473070876;1368:2182.0645913070875;591:2184.3449033070874;585:2187.2435513070873;940:2188.3142633070875;1370:2195.2547753070876;939:2195.4850313070874;1903:2198.8638473070873;983:2203.3731353070875;3921:2206.9515353070874;840:2208.0151193070874;2881:2208.8682473070876;5099:2209.8716393070877;1157:2214.177959307088;2058:2215.910639307088;2092:2219.709071307088;915:2162.9046713070875;2980:2163.8380793070874
0,0,unmanned_bike_collector,boarding,True,2304.26322857143,2334.26322857143,2980;-1;-1,2980;-1;-1,0.0,0.7490034989720564,0.7490034989720564,0.0,,0,,0,,,,
0,0,unmanned_bike_collector,out_of_service,True,2334.26322857143,2340.0,2980;-1;-1,2980;-1;-1,0.0,0.7490034989720564,0.7490034989720564,0.0,,0,,0,,,,
0,1,unmanned_bike_collector,route,True,2160.0,2369.6474290213714,2980;-1;-1,598;-1;-1,1600.1039986526673,0.7495888043930171,0.7494287939931519,0.0,,0,,0,,,2980;914;2135;1730;2664;2579;2961;2407;2581;370;361;2874;1887;1805;363;366;2314;2877;1748;2880;906;984;2268;1857;1806;1371;938;5442;4054;2205;1369;2047;3631;4079;4572;4591;3195;3259;1405;1402;1400;971;598,2980:2160;914:2175.8821707356574;2135:2183.8330278785147;1730:2199.2893707356575;2664:2201.1114850213717;2579:2205.9874278785146;2961:2175.8821707356574;2407:2183.8330278785147;2581:2199.2893707356575;370:2201.1114850213717;361:2205.9874278785146;2874:2222.7582850213716;1887:2228.0070850213715;1805:2236.494342164229;363:2238.077190164229;366:2240.574294164229;2314:2241.160302164229;2877:2246.815686164229;1748:2247.846366164229;2880:2254.755054164229;906:2256.160134164229;984:2257.305006164229;2268:2270.476110164229;1857:2271.594630164229;1806:2272.7564221642288;1371:2222.7582850213716;938:2228.0070850213715;5442:2236.494342164229;4054:2238.077190164229;2205:2240.574294164229;1369:2241.160302164229;2047:2246.815686164229;3631:2247.846366164229;4079:2254.755054164229;4572:2256.160134164229;4591:2257.305006164229;3195:2270.476110164229;3259:2271.594630164229;1405:2272.7564221642288;1402:2284.981734164229;1400:2287.7514301642286;971:2288.4992941642286;598:2288.8852141642287
0,1,unmanned_bike_collector,boarding,True,2369.6474290213714,2399.6474290213714,598;-1;-1,598;-1;-1,0.0,0.7494287939931519,0.7494287939931519,0.0,,0,,0,,,,
0,1,unmanned_bike_collector,route,True,2399.6474290213714,2483.1343302857135,598;-1;-1,2980;-1;-1,786.4600013473325,0.7494287939931519,0.7493501479930171,0.0,,0,,0,,,598;1368;591;585;940;1370;939;1903;983;3921;840;2881;5099;1157;2058;2092;915;2980,598:2399.6474290213714;1368:2400.6077650213715;591:2406.4787170213717;585:2419.649965021372;940:2426.2298290213716;1370:2433.2564530213717;939:2433.9531250213718;1903:2434.7747170213715;983:2435.7572290213716;3921:2439.5553730213715;840:2444.1162130213715;2881:2450.7468370213714;5099:2451.8997010213716;1157:2456.6388438785143;2058:2400.6077650213715;2092:2406.4787170213717;915:2419.649965021372;2980:2426.2298290213716
0,1,unmanned_bike_collector,boarding,True,2483.1343302857135,2513.1343302857135,2980;-1;-1,2980;-1;-1,0.0,0.7493501479930171,0.7493501479930171,0.0,,0,,0,,,,
0,0,unmanned_bike_collector,route,True,2340,2621.9607833070872,2980;-1;-1,1073;-1;-1,2807.582998652667,0.7490034989720564,0.7487227406721911,0.0,,0,,0,,,2980;914;2135;1730;2664;2579;2961;2407;2581;370;361;2874;1887;1805;363;366;2314;2877;1748;2880;906;984;2268;1857;1806;1371;938;5442;4054;2205;1369;2047;3631;4079;4572;4577;778;3636;3639;3642;7178;5275;5297;5072;1464;2847;5825;4587;5794;3202;2065;2023;4203;537;18;5629;1068;2559;6740;1717;2067;2720;4210;4976;1079;3450;4216;4617;4623;4211;1066;4117;5334;4196;1081;1073,2980:2340;914:2355.8821707356574;2135:2363.8330278785147;1730:2379.2893707356575;2664:2381.1114850213717;2579:2385.9874278785146;2961:2355.8821707356574;2407:2363.8330278785147;2581:2379.2893707356575;370:2381.1114850213717;361:2385.9874278785146;2874:2402.7582850213716;1887:2408.0070850213715;1805:2416.494342164229;363:2418.077190164229;366:2420.574294164229;2314:2421.160302164229;2877:2426.815686164229;1748:2427.846366164229;2880:2434.755054164229;906:2436.160134164229;984:2437.305006164229;2268:2450.476110164229;1857:2451.594630164229;1806:2452.7564221642288;1371:2402.7582850213716;938:2408.0070850213715;5442:2416.494342164229;4054:2418.077190164229;2205:2420.574294164229;1369:2421.160302164229;2047:2426.815686164229;3631:2427.846366164229;4079:2434.755054164229;4572:2436.160134164229;4577:2437.305006164229;778:2450.476110164229;3636:2451.594630164229;3639:2452.7564221642288;3642:2464.981734164229;7178:2467.7514301642286;5275:2468.4992941642286;5297:2468.8852141642287;5072:2469.5473981642285;1464:2470.2175741642286;2847:2472.7987021642284;5825:2482.5193501642284;4587:2490.1593421642283;5794:2495.9117821642285;3202:2502.3579421642285;2065:2503.3009981642285;2023:2504.8638301642286;4203:2505.9310861642284;537:2509.7295181642285;18:2511.4621981642285;5629:2515.7685181642287;1068:2516.7719101642288;2559:2517.625038164229;6740:2518.688622164229;1717:2464.981734164229;2067:2467.7514301642286;2720:2468.4992941642286;4210:2468.8852141642287;4976:2469.5473981642285;1079:2470.2175741642286;3450:2472.7987021642284;4216:2482.5193501642284;4617:2490.1593421642283;4623:2495.9117821642285;4211:2502.3579421642285;1066:2503.3009981642285;4117:2504.8638301642286;5334:2505.9310861642284;4196:2509.7295181642285;1081:2511.4621981642285;1073:2515.7685181642287
0,0,unmanned_bike_collector,boarding,True,2621.9607833070872,2651.9607833070872,1073;-1;-1,1073;-1;-1,0.0,0.7487227406721911,0.7487227406721911,0,,0,,0,,,,
0,0,unmanned_bike_collector,route,True,2651.9607833070872,2844.2632285714303,1073;-1;-1,2980;-1;-1,2195.4910013473327,0.7487227406721911,0.7485031915720564,0.0,,0,,0,,,1073;5335;4118;4180;4213;4620;1421;4214;3449;4218;4978;1076;1711;98;2497;7434;2760;542;1074;4204;5649;5760;205;5793;1407;5826;7411;4686;5074;5295;5274;7181;604;603;602;3851;4573;1400;971;598;1368;591;585;940;1370;939;1903;983;3921;840;2881;5099;1157;2058;2092;915;2980,1073:2651.9607833070872;5335:2652.3524633070874;4118:2654.2020233070875;4180:2655.5646233070875;4213:2656.3115033070876;4620:2656.9277033070875;1421:2659.6830233070878;4214:2662.3783433070876;3449:2665.3895033070876;4218:2666.7109433070877;4978:2668.803623307088;1076:2670.374063307088;1711:2671.503743307088;98:2680.119551307088;2497:2681.630183307088;7434:2688.838031307088;2760:2695.376567307088;542:2652.3524633070874;1074:2654.2020233070875;4204:2655.5646233070875;5649:2656.3115033070876;5760:2656.9277033070875;205:2659.6830233070878;5793:2662.3783433070876;1407:2665.3895033070876;5826:2666.7109433070877;7411:2668.803623307088;4686:2670.374063307088;5074:2671.503743307088;5295:2680.119551307088;5274:2681.630183307088;7181:2688.838031307088;604:2695.376567307088;603:2702.904671307088;602:2703.838079307088;3851:2704.8197273070878;4573:2705.620511307088;1400:2711.178839307088;971:2716.323095307088;598:2720.444447307088;1368:2722.064591307088;591:2724.344903307088;585:2727.2435513070877;940:2728.314263307088;1370:2735.254775307088;939:2735.485031307088;1903:2738.863847307088;983:2743.373135307088;3921:2746.951535307088;840:2748.015119307088;2881:2748.868247307088;5099:2749.871639307088;1157:2754.1779593070883;2058:2755.9106393070883;2092:2759.7090713070884;915:2702.904671307088;2980:2703.838079307088
0,0,unmanned_bike_collector,boarding,True,2844.2632285714303,2874.2632285714303,2980;-1;-1,2980;-1;-1,0.0,0.7485031915720564,0.7485031915720564,0.0,,0,,0,,,,
0,1,unmanned_bike_collector,idle,True,2513.1343302857135,3600,2980;-1;-1,2980;-1;-1,0.0,0.7493501479930171,0.7946362175644448,7.5,1-0,0,,0,,,,
0,0,unmanned_bike_collector,idle,True,2874.2632285714303,3600,2980;-1;-1,2980;-1;-1,0.0,0.7485031915720564,0.7787422237149128,7.5,1-1,0,,0,,,,
0,1,unmanned_bike_collector,route,True,3600.0,3809.6474290213714,2980;-1;-1,598;-1;-1,1600.1039986526673,0.7946362175644448,0.7944762071645796,0.0,,0,,0,,,2980;914;2135;1730;2664;2579;2961;2407;2581;370;361;2874;1887;1805;363;366;2314;2877;1748;2880;906;984;2268;1857;1806;1371;938;5442;4054;2205;1369;2047;3631;4079;4572;4591;3195;3259;1405;1402;1400;971;598,2980:3600;914:3615.8821707356574;2135:3623.8330278785147;1730:3639.2893707356575;2664:3641.1114850213717;2579:3645.9874278785146;2961:3615.8821707356574;2407:3623.8330278785147;2581:3639.2893707356575;370:3641.1114850213717;361:3645.9874278785146;2874:3662.7582850213716;1887:3668.0070850213715;1805:3676.494342164229;363:3678.077190164229;366:3680.574294164229;2314:3681.160302164229;2877:3686.815686164229;1748:3687.846366164229;2880:3694.755054164229;906:3696.160134164229;984:3697.305006164229;2268:3710.476110164229;1857:3711.594630164229;1806:3712.7564221642288;1371:3662.7582850213716;938:3668.0070850213715;5442:3676.494342164229;4054:3678.077190164229;2205:3680.574294164229;1369:3681.160302164229;2047:3686.815686164229;3631:3687.846366164229;4079:3694.755054164229;4572:3696.160134164229;4591:3697.305006164229;3195:3710.476110164229;3259:3711.594630164229;1405:3712.7564221642288;1402:3724.981734164229;1400:3727.7514301642286;971:3728.4992941642286;598:3728.8852141642287
0,1,unmanned_bike_collector,boarding,True,3809.6474290213714,3839.6474290213714,598;-1;-1,598;-1;-1,0.0,0.7944762071645796,0.7944762071645796,0.0,,0,,0,,,,
0,0,unmanned_bike_collector,route,True,3600,3881.9607833070872,2980;-1;-1,1073;-1;-1,2807.582998652667,0.7787422237149128,0.7784614654150475,0.0,,0,,0,,,2980;914;2135;1730;2664;2579;2961;2407;2581;370;361;2874;1887;1805;363;366;2314;2877;1748;2880;906;984;2268;1857;1806;1371;938;5442;4054;2205;1369;2047;3631;4079;4572;4577;778;3636;3639;3642;7178;5275;5297;5072;1464;2847;5825;4587;5794;3202;2065;2023;4203;537;18;5629;1068;2559;6740;1717;2067;2720;4210;4976;1079;3450;4216;4617;4623;4211;1066;4117;5334;4196;1081;1073,2980:3600;914:3615.8821707356574;2135:3623.8330278785147;1730:3639.2893707356575;2664:3641.1114850213717;2579:3645.9874278785146;2961:3615.8821707356574;2407:3623.8330278785147;2581:3639.2893707356575;370:3641.1114850213717;361:3645.9874278785146;2874:3662.7582850213716;1887:3668.0070850213715;1805:3676.494342164229;363:3678.077190164229;366:3680.574294164229;2314:3681.160302164229;2877:3686.815686164229;1748:3687.846366164229;2880:3694.755054164229;906:3696.160134164229;984:3697.305006164229;2268:3710.476110164229;1857:3711.594630164229;1806:3712.7564221642288;1371:3662.7582850213716;938:3668.0070850213715;5442:3676.494342164229;4054:3678.077190164229;2205:3680.574294164229;1369:3681.160302164229;2047:3686.815686164229;3631:3687.846366164229;4079:3694.755054164229;4572:3696.160134164229;4577:3697.305006164229;778:3710.476110164229;3636:3711.594630164229;3639:3712.7564221642288;3642:3724.981734164229;7178:3727.7514301642286;5275:3728.4992941642286;5297:3728.8852141642287;5072:3729.5473981642285;1464:3730.2175741642286;2847:3732.7987021642284;5825:3742.5193501642284;4587:3750.1593421642283;5794:3755.9117821642285;3202:3762.3579421642285;2065:3763.3009981642285;2023:3764.8638301642286;4203:3765.9310861642284;537:3769.7295181642285;18:3771.4621981642285;5629:3775.7685181642287;1068:3776.7719101642288;2559:3777.625038164229;6740:3778.688622164229;1717:3724.981734164229;2067:3727.7514301642286;2720:3728.4992941642286;4210:3728.8852141642287;4976:3729.5473981642285;1079:3730.2175741642286;3450:3732.7987021642284;4216:3742.5193501642284;4617:3750.1593421642283;4623:3755.9117821642285;4211:3762.3579421642285;1066:3763.3009981642285;4117:3764.8638301642286;5334:3765.9310861642284;4196:3769.7295181642285;1081:3771.4621981642285;1073:3775.7685181642287
0,0,unmanned_bike_collector,boarding,True,3881.9607833070872,3911.9607833070872,1073;-1;-1,1073;-1;-1,0.0,0.7784614654150475,0.7784614654150475,0,,0,,0,,,,
0,0,unmanned_bike_collector,boarding,True,5400,5430,1073;-1;-1,1073;-1;-1,0.0,0.7784614654150475,0.7784614654150475,0,,0,,0,,,,
0,0,unmanned_bike_collector,to_depot,True,5430.0,5613.059111138169,1073;-1;-1,2966;-1;-1,1653.5551116575564,0.7784614654150475,0.7782961099038818,0.0,,0,,0,,,1073;5335;4118;4180;4213;4620;1421;4214;3449;4218;4978;1076;2067;2063;1937;6789;3895;5465;7450;4482;6930;7615;3488;4485;5469;2998;901;1083;1355;1961;1962;1033;1559;1958;2907;636;1954;1949;186;333;2164;695;694;1041;1623;1383;2333;2966,1073:5430;5335:5430.39168;4118:5432.241239999999;4180:5433.60384;4213:5434.3507199999995;4620:5434.96692;1421:5437.72224;4214:5440.41756;3449:5443.42872;4218:5444.75016;4978:5446.842839999999;1076:5448.41328;2067:5449.313856;2063:5450.0301119999995;1937:5453.300063999999;6789:5430.39168;3895:5432.241239999999;5465:5433.60384;7450:5434.3507199999995;4482:5434.96692;6930:5437.72224;7615:5440.41756;3488:5443.42872;4485:5444.75016;5469:5446.842839999999;2998:5448.41328;901:5449.313856;1083:5450.0301119999995;1355:5453.300063999999;1961:5463.836471999999;1962:5465.103455999999;1033:5472.635375999999;1559:5473.619615999999;1958:5476.286351999999;2907:5477.602079999999;636:5481.4984319999985;1954:5482.822583999999;1949:5487.377231999999;186:5487.738455999999;333:5488.146911999999;2164:5489.39244;695:5492.182871999999;694:5505.872159999999;1041:5506.854887999999;1623:5507.793767999999;1383:5509.003223999998;2333:5515.387319999998;2966:5463.836471999999
0,0,unmanned_bike_collector,out_of_service,True,5613.059111138169,5640.0,2966;-1;-1,2966;-1;-1,0.0,0.7782961099038818,0.7782961099038818,0.0,,0,,0,,,,
0,0,unmanned_bike_collector,route,True,5640,5791.5709277189735,2966;-1;-1,1073;-1;-1,1367.5928883424438,0.7782961099038818,0.7781593506150475,0.0,,0,,0,,,2966;2743;2631;2150;735;738;2470;734;1815;739;1724;1962;1910;164;1354;197;1311;7;1963;1308;482;7613;2611;1307;2876;1960;816;6786;5444;1716;2720;4210;4976;1079;3450;4216;4617;4623;4211;1066;4117;5334;4196;1081;1073,2966:5640;2743:5647.8438282904;2631:5651.855256861829;2150:5668.7855425761145;735:5679.267714004686;738:5685.435542576115;2470:5686.385222576115;734:5686.594094576115;1815:5687.602310576115;739:5688.442838576115;1724:5647.8438282904;1962:5651.855256861829;1910:5668.7855425761145;164:5679.267714004686;1354:5685.435542576115;197:5686.385222576115;1311:5686.594094576115;7:5687.602310576115;1963:5688.442838576115;1308:5704.900526576115;482:5705.9573425761155;7613:5706.779582576116;2611:5707.730774576116;1307:5708.687294576116;2876:5710.896542576116;1960:5722.431302576116;816:5726.1262705761155;6786:5726.534726576116;5444:5726.895950576116;1716:5731.450598576116;2720:5732.774750576116;4210:5736.671102576116;4976:5737.986830576116;1079:5740.653566576116;3450:5741.6378065761155;4216:5749.169726576116;4617:5750.436710576116;4623:5704.900526576115;4211:5705.9573425761155;1066:5706.779582576116;4117:5707.730774576116;5334:5708.687294576116;4196:5710.896542576116;1081:5722.431302576116;1073:5726.1262705761155
0,0,unmanned_bike_collector,boarding,True,5791.5709277189735,5821.5709277189735,1073;-1;-1,1073;-1;-1,0.0,0.7781593506150475,0.7781593506150475,0,,0,,0,,,,
0,0,unmanned_bike_collector,to_charge,True,5821.5709277189735,6004.630038857143,1073;-1;-1,2966;-1;-1,1653.5551116575564,0.7781593506150475,0.7779939951038819,0.0,,0,,0,,,1073;5335;4118;4180;4213;4620;1421;4214;3449;4218;4978;1076;2067;2063;1937;6789;3895;5465;7450;4482;6930;7615;3488;4485;5469;2998;901;1083;1355;1961;1962;1033;1559;1958;2907;636;1954;1949;186;333;2164;695;694;1041;1623;1383;2333;2966,1073:5821.5709277189735;5335:5821.962607718973;4118:5823.812167718973;4180:5825.174767718973;4213:5825.921647718973;4620:5826.537847718973;1421:5829.293167718974;4214:5831.988487718973;3449:5834.999647718973;4218:5836.321087718973;4978:5838.413767718973;1076:5839.984207718973;2067:5840.884783718973;2063:5841.601039718973;1937:5844.870991718973;6789:5855.407399718973;3895:5856.674383718972;5465:5864.206303718973;7450:5865.190543718973;4482:5867.857279718973;6930:5869.173007718972;7615:5873.069359718972;3488:5874.393511718972;4485:5878.948159718972;5469:5879.309383718973;2998:5879.717839718973;901:5821.962607718973;1083:5823.812167718973;1355:5825.174767718973;1961:5825.921647718973;1962:5826.537847718973;1033:5829.293167718974;1559:5831.988487718973;1958:5834.999647718973;2907:5836.321087718973;636:5838.413767718973;1954:5839.984207718973;1949:5840.884783718973;186:5841.601039718973;333:5844.870991718973;2164:5855.407399718973;695:5856.674383718972;694:5864.206303718973;1041:5865.190543718973;1623:5867.857279718973;1383:5869.173007718972;2333:5873.069359718972;2966:5874.393511718972
