sim_time,reservation_time_trigger,repositioning_strategy,RV_computation_time,Update_V2RB_computation_time,Compute_V2RB_computation_time,Solve_assignment_computation_time,N_V2RBs_at_start,N_V2RBs_after_update,N_V2RBs_after_build,N_Rqs_unassigned,N_Rqs_assigned,N_Rqs_locked,user_requests,request_batch
0,0.0,0.433,0.0,0.0,0.0,0.0018589496612548828,0,0,0,0,0,0,0.0,0.00324
60,0.0,0.0,0.03860592842102051,0.0,0.07384490966796875,0.004822492599487305,0,0,38,0,3,0,0.20118999999999998,0.11862
120,0.0,0.0,0.057092905044555664,0.015402555465698242,0.11095714569091797,0.0042836666107177734,17,17,45,0,4,1,0.31216,0.19095
180,0.0,0.0,0.11381244659423828,0.003161907196044922,0.303739070892334,0.003197193145751953,15,11,43,0,5,3,0.4444,0.42937
240,0.0,0.0,0.05662846565246582,0.0357663631439209,0.19765830039978027,0.00471949577331543,35,26,56,0,7,3,0.25838,0.30102
300,0.0,0.024,0.06673336029052734,0.05517292022705078,0.09789228439331055,0.006378650665283203,27,26,56,0,7,5,0.07013,0.23068
360,0.0,0.0,0.11102151870727539,0.011560916900634766,0.18251323699951172,0.004831790924072266,22,19,63,0,7,6,0.57824,0.31394
420,0.0,0.0,0.03812241554260254,0.05105423927307129,0.028499126434326172,0.0034630298614501953,37,27,38,0,6,7,0.25901,0.1245
480,0.0,0.0,0.0,0.0020682811737060547,0.0031969547271728516,0.0031321048736572266,12,12,12,0,2,10,0.0,0.01162
540,0.0,0.0,0.11243391036987305,0.003145456314086914,0.21694707870483398,0.003535747528076172,7,13,31,0,4,10,0.24332,0.34032
600,0.0,0.019,0.109710693359375,0.001619577407836914,0.16477012634277344,0.004755735397338867,18,21,58,0,6,9,0.35128,0.28424
660,0.0,0.0,0.17487478256225586,0.009490728378295898,0.2492825984954834,0.006422758102416992,22,19,80,0,9,8,0.42102999999999996,0.44424
720,0.0,0.0,0.0,0.015789031982421875,0.08107590675354004,0.004819154739379883,22,16,22,0,4,9,0.0,0.10496
780,0.0,0.0,0.0410306453704834,0.0,0.1330859661102295,0.0031430721282958984,12,14,20,0,3,11,0.12398,0.18005
840,0.0,0.0,0.02656102180480957,0.0,0.029801368713378906,0.003423929214477539,13,14,22,0,2,13,0.07489,0.06178
900,0.0,0.017,0.03362894058227539,0.0010080337524414062,0.01730060577392578,0.004598140716552734,10,11,23,0,2,8,0.03755,0.05854
960,0.0,0.0,0.029761314392089844,0.0030570030212402344,0.008076906204223633,0.003141641616821289,12,12,22,0,2,9,0.03435,0.04681
1020,0.0,0.0,0.030887365341186523,0.0,0.007984638214111328,0.0031478404998779297,14,15,25,0,2,9,0.05067,0.04531
1080,0.0,0.0,0.11528491973876953,0.002597332000732422,0.06742215156555176,0.00469517707824707,10,8,56,0,5,2,0.264,0.19161
1140,0.0,0.0,0.03264594078063965,0.017343759536743164,0.021775484085083008,0.0031769275665283203,6,6,16,0,1,7,0.11115,0.07798
1200,0.0,0.021,0.06397819519042969,0.01727461814880371,0.012424945831298828,0.006500959396362305,13,11,33,0,3,6,0.08436,0.10413
1260,0.0,0.0,0.040288448333740234,0.0031461715698242188,0.006206035614013672,0.0031206607818603516,7,7,14,0,1,8,0.04452,0.05637
1320,0.0,0.0,0.14159846305847168,0.0015683174133300781,0.11490797996520996,0.00494074821472168,11,11,65,0,5,7,0.39671,0.26613
1380,0.0,0.0,0.06072378158569336,0.011258363723754883,0.04142284393310547,0.005342960357666016,43,42,81,0,6,7,0.08738,0.12156
1440,0.0,0.0,0.09555387496948242,0.01743793487548828,0.07705283164978027,0.004858255386352539,25,25,60,0,6,8,0.13246,0.19927
1500,0.0,0.02,0.051541805267333984,0.0005040168762207031,0.014326333999633789,0.0035750865936279297,13,15,35,0,3,8,0.057139999999999996,0.07369
1560,0.0,0.0,0.08224606513977051,0.0010187625885009766,0.01578831672668457,0.006134510040283203,7,11,33,0,3,10,0.08816,0.10831
1620,0.0,0.0,0.07278656959533691,0.0040988922119140625,0.04672646522521973,0.004733085632324219,17,19,40,0,4,9,0.1254,0.13223
1680,0.0,0.0,0.04568004608154297,0.10216498374938965,0.16815829277038574,0.004542112350463867,31,24,51,0,6,6,0.06314,0.32549
1740,0.0,0.0,0.06101799011230469,0.1099092960357666,0.017823457717895508,0.006598711013793945,37,30,60,0,7,6,0.26587,0.1978
1800,0.0,0.017,0.10318946838378906,0.00032329559326171875,0.04234600067138672,0.004777669906616211,15,16,54,0,5,8,0.12556,0.15417
1860,0.0,0.0,0.028302907943725586,0.012132883071899414,0.046518802642822266,0.003314495086669922,15,12,22,0,3,10,0.15772,0.09324
1920,0.0,0.0,0.09027338027954102,0.020222187042236328,0.030609607696533203,0.004044771194458008,7,11,25,0,4,11,0.09789,0.14948
1980,0.0,0.0,0.038295745849609375,0.0,0.018930673599243164,0.0032896995544433594,12,11,19,0,2,14,0.04215,0.06283
2040,0.0,0.0,0.06411504745483398,0.005574226379394531,0.06931781768798828,0.002572298049926758,16,19,39,0,4,11,0.11516,0.14554
2100,0.0,0.018,0.0,0.0015878677368164062,0.011003971099853516,0.0031578540802001953,15,15,15,0,2,10,0.0,0.01887
2160,0.0,0.0,0.033684730529785156,0.0,0.013124942779541016,0.0031752586364746094,7,7,17,0,1,8,0.0696,0.05231
2220,0.0,0.0,0.0331118106842041,0.0,0.006273508071899414,0.0031647682189941406,11,10,24,0,2,5,0.03458,0.04524
2280,0.0,0.0,0.1070718765258789,0.0,0.02303028106689453,0.0035703182220458984,6,6,38,0,3,6,0.11501,0.13652
2340,0.0,0.0,0.10476994514465332,0.0,0.017329931259155273,0.005052328109741211,6,6,40,0,4,5,0.18280000000000002,0.13312
2400,0.0,0.02,0.07852363586425781,0.0,0.009505271911621094,0.0031960010528564453,7,8,28,0,3,7,0.08409,0.09466
2460,0.0,0.0,0.0,0.0015685558319091797,0.007773637771606445,0.0031807422637939453,14,14,14,0,2,6,0.0,0.01513
2520,0.0,0.0,0.16949725151062012,0.0,0.07686328887939453,0.0051114559173583984,6,8,66,0,6,7,0.18803999999999998,0.25479
2580,0.0,0.0,0.0,0.02623271942138672,0.025028705596923828,0.00324249267578125,25,23,26,0,3,6,0.0,0.05691
2640,0.0,0.0,0.0573580265045166,0.0,0.014054298400878906,0.004738330841064453,13,15,37,0,3,8,0.05988,0.08073
2700,0.0,0.018,0.0629267692565918,0.0035626888275146484,0.02540302276611328,0.003152608871459961,10,10,26,0,3,6,0.07005,0.09799
2760,0.0,0.0,0.11366128921508789,0.008736133575439453,0.07734489440917969,0.004864692687988281,11,16,46,0,5,8,0.17037999999999998,0.20772
2820,0.0,0.0,0.0,0.03449559211730957,0.0,0.0031609535217285156,28,27,27,0,3,10,0.0,0.04202
2880,0.0,0.0,0.0,0.0015997886657714844,0.004717826843261719,0.0031104087829589844,10,9,9,0,1,9,0.0,0.01198
2940,0.0,0.0,0.05929398536682129,0.0,0.026614665985107422,0.0031919479370117188,8,10,26,0,3,8,0.06492,0.09287
3000,0.0,0.018,0.027342796325683594,0.0017631053924560547,0.00637364387512207,0.005621910095214844,9,9,28,0,2,6,0.02904,0.04446
3060,0.0,0.0,0.09595060348510742,0.0,0.03315567970275879,0.004743337631225586,19,15,60,0,5,4,0.09892000000000001,0.13907
3120,0.0,0.0,0.08409380912780762,0.0015232563018798828,0.010687828063964844,0.0040929317474365234,10,13,32,0,3,7,0.12808,0.10385
3180,0.0,0.0,0.0654137134552002,0.0,0.018944978713989258,0.0032165050506591797,12,10,27,0,3,7,0.1266,0.08984
3240,0.0,0.0,0.06828522682189941,0.0,0.029582500457763672,0.004218578338623047,13,12,31,0,4,7,0.06787,0.10434
3300,0.0,0.019,0.0,0.04815268516540527,0.0015616416931152344,0.0030329227447509766,19,16,17,0,3,7,0.0,0.0547
3360,0.0,0.0,0.060044288635253906,0.0,0.03391718864440918,0.006272554397583008,6,8,28,0,3,6,0.08556,0.10266
3420,0.0,0.0,0.041925907135009766,0.01753401756286621,0.04733753204345703,0.0032243728637695312,22,21,34,0,3,6,0.04125,0.11357
3480,0.0,0.0,0.10758686065673828,0.0,0.021793603897094727,0.004879951477050781,10,12,43,0,4,6,0.14143,0.13679
3540,0.0,0.0,0.09849071502685547,0.0,0.029417991638183594,0.0031664371490478516,9,10,39,0,4,7,0.18692999999999999,0.13553
3600,0.0,0.018,0.0,0.0020270347595214844,0.0,0.003217935562133789,15,13,14,0,2,8,0.0,0.00901
3660,0.0,0.0,0.09771609306335449,0.0015959739685058594,0.01581263542175293,0.004696846008300781,12,12,38,0,4,9,0.15583999999999998,0.12204
3720,0.0,0.0,0.0373990535736084,0.00467991828918457,0.02368330955505371,0.0031332969665527344,17,19,32,0,3,9,0.04062,0.07371
3780,0.0,0.0,0.0534207820892334,0.0015850067138671875,0.020717382431030273,0.003391742706298828,8,10,24,0,2,9,0.06675,0.08159
3840,0.0,0.0,0.07380080223083496,0.006493568420410156,0.06943202018737793,0.004798173904418945,14,15,43,0,4,7,0.07644000000000001,0.15709
3900,0.0,0.017,0.02331376075744629,0.0019359588623046875,0.003895998001098633,0.003978729248046875,7,9,17,0,1,8,0.02469,0.03502
3960,0.0,0.0,0.0,0.0,0.0,0.0031337738037109375,7,7,7,0,0,8,0.0,0.0054
4020,0.0,0.0,0.055108070373535156,0.0,0.009340763092041016,0.0031287670135498047,6,6,29,0,2,7,0.05624,0.07061
4080,0.0,0.0,0.030016422271728516,0.0,0.003448009490966797,0.0031108856201171875,5,7,17,0,1,6,0.03278,0.03856
4140,0.0,0.0,0.05391669273376465,0.0,0.010807037353515625,0.0032291412353515625,5,7,29,0,2,6,0.05788,0.07108
4200,0.0,0.022,0.07016944885253906,0.0015683174133300781,0.004678487777709961,0.0031936168670654297,4,4,24,0,2,4,0.07298,0.08081
4260,0.0,0.0,0.036583900451660156,0.0,0.004968404769897461,0.0015845298767089844,5,5,14,0,1,5,0.0397,0.04604
4320,0.0,0.0,0.030785560607910156,0.0,0.003177642822265625,0.002971172332763672,5,5,16,0,1,5,0.03354,0.03858
4380,0.0,0.0,0.0,0.0,0.0,0.003008604049682617,4,4,4,0,0,4,0.0,0.0045
4440,0.0,0.0,0.06879901885986328,0.0,0.0045850276947021484,0.004670143127441406,4,4,24,0,2,4,0.07375,0.07833
4500,0.0,0.018,0.0,0.0010385513305664062,0.0,0.0015511512756347656,5,5,5,0,0,5,0.0,0.00485
4560,0.0,0.0,0.0,0.0006089210510253906,0.0,0.002095937728881836,4,4,4,0,0,4,0.0,0.00452
4620,0.0,0.0,0.07064962387084961,0.0015676021575927734,0.003147602081298828,0.003129243850708008,4,4,17,0,2,4,0.07229,0.08133
4680,0.0,0.0,0.12315630912780762,0.0,0.06022500991821289,0.004756927490234375,9,7,55,0,5,3,0.1498,0.1923
4740,0.0,0.0,0.03891921043395996,0.0,0.0047321319580078125,0.0032396316528320312,14,13,23,0,2,6,0.04087,0.04968
4800,0.0,0.018,0.06544065475463867,0.02202439308166504,0.01151132583618164,0.0031762123107910156,20,15,42,0,4,5,0.07084,0.10596
4860,0.0,0.0,0.031833648681640625,0.0,0.003885030746459961,0.0017895698547363281,7,9,15,0,1,8,0.03171,0.04147
4920,0.0,0.0,0.02494502067565918,0.0,0.004731178283691406,0.0031652450561523438,9,7,19,0,2,4,0.02685,0.03454
4980,0.0,0.0,0.038782358169555664,0.0,0.0031137466430664062,0.003131389617919922,8,5,17,0,2,4,0.04271,0.04789
5040,0.0,0.0,0.07108473777770996,0.0031490325927734375,0.004706621170043945,0.004796504974365234,3,3,26,0,2,3,0.07627999999999999,0.0867
5100,0.0,0.018,0.0979008674621582,0.001672983169555664,0.011353254318237305,0.00588226318359375,3,5,30,0,3,4,0.1061,0.11962
5160,0.0,0.0,0.058834075927734375,0.014204740524291992,0.011043071746826172,0.003054380416870117,11,10,25,0,4,5,0.06332,0.08989
5220,0.0,0.0,0.039215803146362305,0.0354001522064209,0.01201486587524414,0.004753589630126953,14,14,24,0,4,5,0.04024,0.09501
5280,0.0,0.0,0.0673837661743164,0.010824203491210938,0.009845495223999023,0.0035505294799804688,16,16,34,0,4,6,0.07053000000000001,0.09459
5340,0.0,0.0,0.03309798240661621,0.0020711421966552734,0.0025634765625,0.0031740665435791016,15,13,23,0,3,7,0.03398,0.04422
5400,0.0,0.025,0.03872990608215332,0.003247976303100586,0.004735708236694336,0.004163980484008789,17,17,30,0,3,7,0.03983,0.05564
5460,0.0,0.0,0.06658267974853516,0.0015463829040527344,0.04018044471740723,0.004037618637084961,18,21,40,0,4,8,0.07202,0.11556
5520,0.0,0.0,0.028372526168823242,0.0,0.0031423568725585938,0.004305601119995117,7,7,15,0,1,7,0.02966,0.03812
5580,0.0,0.0,0.05775260925292969,0.0,0.0046253204345703125,0.0048732757568359375,12,12,25,0,3,6,0.059840000000000004,0.06927
5640,0.0,0.0,0.056713104248046875,0.003159761428833008,0.015838146209716797,0.004774332046508789,10,11,38,0,3,6,0.0605,0.08236
5700,0.0,0.02,0.03506636619567871,0.0015194416046142578,0.00917959213256836,0.004214048385620117,20,19,32,0,3,5,0.03591,0.05163
5760,0.0,0.0,0.17151165008544922,0.002060413360595703,0.06688714027404785,0.004566192626953125,9,8,79,0,8,2,0.17864,0.24751
5820,0.0,0.0,0.0,0.0015757083892822266,0.0,0.004743814468383789,19,17,19,0,2,7,0.0,0.00867
5880,0.0,0.0,0.06664848327636719,0.0010156631469726562,0.011533498764038086,0.0044438838958740234,15,12,30,0,4,6,0.07016,0.08715
5940,0.0,0.0,0.03883075714111328,0.0015714168548583984,0.020769834518432617,0.003980159759521484,17,17,28,0,4,6,0.03871,0.0666
6000,0.0,0.018,0.0,0.0,0.0010333061218261719,0.002051830291748047,8,8,8,0,0,8,0.0,0.00559
6060,0.0,0.0,0.03870844841003418,0.0,0.0030875205993652344,0.003314495086669922,7,7,16,0,1,7,0.04179,0.04756
6120,0.0,0.0,0.0,0.0,0.0,0.003241300582885742,6,6,6,0,0,6,0.0,0.00537
6180,0.0,0.0,0.07256340980529785,0.0,0.008539676666259766,0.003909587860107422,2,2,23,0,2,2,0.07186000000000001,0.08587
6240,0.0,0.0,0.10300374031066895,0.0,0.022029638290405273,0.0032074451446533203,10,7,43,0,4,3,0.10897000000000001,0.13112
6300,0.0,0.018,0.0,0.0026595592498779297,0.0005648136138916016,0.003169536590576172,13,13,14,0,1,5,0.0,0.00862
6360,0.0,0.0,0.029896259307861328,0.0015859603881835938,0.001524209976196289,0.003246784210205078,4,4,12,0,1,4,0.03187,0.03783
6420,0.0,0.0,0.12283873558044434,0.015813827514648438,0.03627276420593262,0.004710674285888672,8,7,57,0,5,4,0.1319,0.18264
6480,0.0,0.0,0.07709527015686035,0.007836580276489258,0.014204740524291992,0.004885673522949219,16,14,35,0,4,7,0.08215,0.10748
6540,0.0,0.0,0.06765198707580566,0.006573915481567383,0.0236053466796875,0.003209352493286133,15,13,29,0,4,8,0.07283,0.10416
6600,0.0,0.02,0.02608489990234375,0.0,0.02839517593383789,0.0019669532775878906,10,11,20,0,2,9,0.02943,0.06012
6660,0.0,0.0,0.02926802635192871,0.0031876564025878906,0.017969131469726562,0.002920866012573242,11,8,24,0,3,5,0.03245,0.05691
6720,0.0,0.0,0.07760763168334961,0.0,0.007974863052368164,0.0018842220306396484,9,8,23,0,3,7,0.08042,0.08994
6780,0.0,0.0,0.06060624122619629,0.0,0.021518707275390625,0.0037512779235839844,7,9,23,0,2,8,0.06406,0.08844
6840,0.0,0.0,0.03948688507080078,0.0016095638275146484,0.003186464309692383,0.0032896995544433594,14,11,19,0,2,9,0.04133,0.04934
6900,0.0,0.018,0.0,0.005024909973144531,0.003469705581665039,0.0020139217376708984,13,12,16,0,2,6,0.0,0.01318
6960,0.0,0.0,0.03778862953186035,0.004724264144897461,0.007370948791503906,0.002066373825073242,8,6,24,0,3,3,0.03901,0.0541
7020,0.0,0.0,0.03940939903259277,0.0005102157592773438,0.014762639999389648,0.008154869079589844,5,5,15,0,1,5,0.0391,0.06696
7080,0.0,0.0,0.0,0.0016069412231445312,0.0,0.00659632682800293,5,5,5,0,0,5,0.0,0.01405
7140,0.0,0.0,0.10743284225463867,0.0,0.007750988006591797,0.004835367202758789,3,3,23,0,2,3,0.12453,0.12269
