sim_time,reservation_time_trigger,charging_strategy,RV_computation_time,Update_V2RB_computation_time,Compute_V2RB_computation_time,Solve_assignment_computation_time,N_V2RBs_at_start,N_V2RBs_after_update,N_V2RBs_after_build,N_Rqs_unassigned,N_Rqs_assigned,N_Rqs_locked,user_requests,request_batch
0,0.0,0.0,0.0,0.0,0.0,0.0032405853271484375,0,0,0,0,0,0,0.0,0.00276
60,0.0,0.0,0.0,0.0,0.0,0.0015964508056640625,0,0,0,0,0,0,0.0,0.00254
120,0.0,0.0,0.0,0.0,0.0,0.0015985965728759766,0,0,0,0,0,0,0.0,0.00353
180,0.0,0.062,0.061241865158081055,0.0,0.024085283279418945,0.003095865249633789,0,0,12,0,2,0,0.08442,0.0893
240,0.0,0.0,0.0,0.0,0.0,0.0018773078918457031,0,1,1,0,0,2,0.0,0.0041
300,0.0,0.062,0.037346601486206055,0.0,0.02283787727355957,0.0031931400299072266,1,1,5,0,1,2,0.03719,0.06511
360,0.0,0.0,0.05565929412841797,0.0010159015655517578,0.15826964378356934,0.0031461715698242188,1,2,11,0,2,3,0.06659,0.22043
420,0.0,0.0,0.0,0.0,0.0,0.0015912055969238281,4,4,4,0,0,5,0.0,0.00454
480,0.0,0.0,0.0,0.0,0.0,0.0031991004943847656,3,3,3,0,0,4,0.0,0.00469
540,0.0,0.0,0.0,0.0,0.0,0.0033550262451171875,3,3,3,0,0,4,0.0,0.00437
600,0.0,0.0,0.0,0.0,0.0,0.0015568733215332031,2,2,2,0,0,3,0.0,0.00412
660,0.0,0.0,0.010992288589477539,0.0,0.004772186279296875,0.0017669200897216797,2,2,5,0,1,3,0.02382,0.01929
720,0.0,0.0,0.0,0.0,0.0,0.0015740394592285156,3,3,3,0,0,3,0.0,0.00383
780,0.0,0.0,0.0,0.0,0.0,0.001016378402709961,1,1,1,0,0,1,0.0,0.00328
840,0.0,0.114,0.06687569618225098,0.0,0.02830982208251953,0.0028934478759765625,0,0,6,0,2,0,0.07311,0.09946
900,0.0,0.0,0.015841245651245117,0.0015554428100585938,0.09563684463500977,0.0025756359100341797,0,2,3,0,1,2,0.08634,0.11731
960,0.0,0.0,0.030516386032104492,0.0,0.012685298919677734,0.002104520797729492,2,2,5,0,2,2,0.06445,0.04762
1020,0.0,0.0,0.0,0.0,0.00045752525329589844,0.0015060901641845703,3,3,3,0,0,4,0.0,0.00462
1080,0.0,0.0,0.0,0.0,0.0,0.0015799999237060547,3,3,3,0,0,4,0.12240000000000001,0.00482
1140,0.0,0.0,0.0,0.0,0.0,0.0031681060791015625,3,3,3,0,0,4,0.06427,0.00449
1200,0.0,0.0,0.0,0.0015811920166015625,0.003990650177001953,0.0016012191772460938,3,3,3,0,0,3,0.06649,0.00924
1260,0.0,0.0,0.0,0.0015840530395507812,0.0,0.00186920166015625,3,3,3,0,0,3,0.0,0.00434
1320,0.0,0.052,0.029001235961914062,0.0,0.011104822158813477,0.0031425952911376953,1,3,3,0,1,2,0.03137,0.04468
1380,0.0,0.0,0.0,0.0010287761688232422,0.0,0.0015339851379394531,0,1,1,0,0,2,0.0,0.00408
1440,0.0,0.0,0.0,0.0,0.0,0.0016117095947265625,1,1,1,0,0,1,0.02855,0.00356
1500,0.0,0.0,0.0,0.0,0.0,0.0031609535217285156,1,1,1,0,0,1,0.10127000000000001,0.0035
1560,0.0,0.0,0.0,0.0,0.0,0.003025531768798828,1,1,1,0,0,1,0.02231,0.00365
1620,0.0,0.0,0.0,0.0,0.0,0.001596212387084961,0,0,0,0,0,0,0.06708,0.00291
1680,0.0,0.0,0.02642059326171875,0.0,0.0020399093627929688,0.0030798912048339844,0,0,5,0,2,0,0.09592,0.03408
1740,0.0,0.062,0.0,0.003066539764404297,0.0,0.002045869827270508,5,5,5,0,2,0,0.0,0.00707
1800,0.0,0.0,0.0,0.0005056858062744141,0.0,0.0025587081909179688,1,2,2,0,1,1,0.0,0.0045
1860,0.0,0.0,0.0,0.0,0.0,0.0031282901763916016,2,2,2,0,1,1,0.0,0.00391
1920,0.0,0.0,0.0,0.0,0.0,0.0025992393493652344,2,2,2,0,0,2,0.0,0.00373
1980,0.0,0.0,0.0,0.0,0.0,0.0019190311431884766,2,2,2,0,0,2,0.0,0.00373
2040,0.0,0.049,0.07070374488830566,0.0,0.03181600570678711,0.0033113956451416016,1,3,5,0,2,2,0.07669999999999999,0.10756
2100,0.0,0.0,0.0,0.0015442371368408203,0.0,0.0015528202056884766,1,2,2,0,0,3,0.04116,0.00527
2160,0.0,0.0,0.0,0.0,0.0,0.002546072006225586,1,1,1,0,0,2,0.02149,0.00408
2220,0.0,0.0,0.0,0.0,0.0,0.002517223358154297,1,1,1,0,0,2,0.0,0.00385
2280,0.0,0.0,0.0,0.0,0.0,0.0025420188903808594,1,1,1,0,0,2,0.03036,0.00368
2340,0.0,0.0,0.0,0.0,0.0,0.0015950202941894531,0,0,0,0,0,0,0.03521,0.00293
2400,0.0,0.0,0.0,0.0,0.0,0.0031287670135498047,0,0,0,0,0,0,0.02483,0.00294
2460,0.0,0.0,0.014536142349243164,0.0015904903411865234,0.0,0.0031757354736328125,0,0,2,0,1,0,0.01634,0.01984
2520,0.0,0.0,0.027567625045776367,0.0,0.013108015060424805,0.0025789737701416016,1,1,4,0,2,0,0.0349,0.04541
2580,0.0,0.0,0.027449607849121094,0.0,0.015427112579345703,0.0031876564025878906,2,2,8,0,3,0,0.05179,0.04776
2640,0.0,0.0,0.0,0.0015790462493896484,0.0,0.0015163421630859375,8,8,8,0,3,0,0.0,0.00494
2700,0.0,0.0,0.03285098075866699,0.0,0.014571189880371094,0.0018093585968017578,1,1,8,0,3,1,0.06226,0.0515
2760,0.0,0.0,0.024197816848754883,0.0,0.020680665969848633,0.0032684803009033203,1,1,17,0,4,1,0.03812,0.04985
2820,0.0,0.0,0.0,0.0045468807220458984,0.0,0.002968311309814453,17,16,16,0,4,1,0.0,0.0094
2880,0.0,0.0,0.021587610244750977,0.0015909671783447266,0.0032029151916503906,0.003387451171875,16,16,20,0,5,1,0.11041999999999999,0.03061
2940,0.0,0.045,0.027330875396728516,0.021667957305908203,0.04626917839050293,0.002215862274169922,19,5,10,0,6,1,0.02914,0.09922
3000,0.0,0.0,0.0,0.021227598190307617,0.011093378067016602,0.0032014846801757812,7,4,8,0,5,2,0.02999,0.03791
3060,0.0,0.0,0.0,0.014137744903564453,0.0,0.0031659603118896484,8,3,7,0,5,1,0.14196,0.01979
3120,0.0,0.0,0.0,0.002023458480834961,0.0019428730010986328,0.001971721649169922,7,3,7,0,5,1,0.0,0.00923
3180,0.0,0.0,0.0,0.0,0.0,0.0031633377075195312,3,4,6,0,3,3,0.0,0.00582
3240,0.0,0.0,0.0,0.0,0.007069110870361328,0.0019702911376953125,3,4,4,0,2,3,0.0,0.01293
3300,0.0,0.0,0.024993419647216797,0.0,0.03029942512512207,0.0034961700439453125,3,3,7,0,3,3,0.04599,0.061
3360,0.0,0.119,0.02741694450378418,0.0,0.03423261642456055,0.003666400909423828,3,5,5,0,2,4,0.02977,0.06714
3420,0.0,0.0,0.03309369087219238,0.0005087852478027344,0.03821516036987305,0.001583099365234375,1,3,4,0,1,5,0.03282,0.07662
3480,0.0,0.0,0.0,0.0,0.0,0.0032193660736083984,4,4,4,0,1,5,0.0,0.00553
3540,0.0,0.0,0.0,0.0,0.0,0.0031931400299072266,3,3,3,0,1,4,0.0,0.00528
3600,0.0,0.0,0.036092519760131836,0.0,0.08904623985290527,0.003247976303100586,3,3,5,0,2,3,0.13394,0.13048
3660,0.0,0.0,0.0,0.0,0.0,0.003178119659423828,5,5,5,0,2,2,0.0,0.00572
3720,0.0,0.0,0.038240671157836914,0.0,0.0226137638092041,0.0015778541564941406,3,3,8,0,3,2,0.07954,0.06447
3780,0.0,0.0,0.0,0.017117738723754883,0.0,0.003217458724975586,8,7,7,0,3,2,0.0,0.02324
3840,0.0,0.043,0.0,0.018746376037597656,0.0,0.001577138900756836,6,4,6,0,3,1,0.13604,0.02257
3900,0.0,0.0,0.0,0.0,0.0,0.0032269954681396484,2,3,3,0,0,4,0.0,0.00598
3960,0.0,0.0,0.0,0.0,0.0,0.002634286880493164,3,3,3,0,0,4,0.0,0.00491
4020,0.0,0.0,0.0,0.0,0.0,0.0031936168670654297,3,3,3,0,0,4,0.0,0.00468
4080,0.0,0.0,0.0,0.0,0.0,0.0032875537872314453,3,3,3,0,0,4,0.0,0.00527
4140,0.0,0.0,0.0,0.0,0.0015652179718017578,0.0016109943389892578,3,3,3,0,0,4,0.0,0.00456
4200,0.0,0.0,0.0,0.0,0.0,0.0015659332275390625,2,2,2,0,0,3,0.0,0.00415
4260,0.0,0.05,0.028513669967651367,0.0,0.02279973030090332,0.0015742778778076172,1,1,2,0,1,2,0.029,0.05388
4320,0.0,0.0,0.0,0.0,0.0,0.0030002593994140625,1,2,2,0,0,2,0.05721,0.00451
4380,0.0,0.0,0.0,0.0,0.0,0.0032041072845458984,2,2,2,0,0,2,0.02722,0.00401
4440,0.0,0.0,0.0,0.0,0.0,0.003557920455932617,2,2,2,0,0,2,0.06133,0.00403
4500,0.0,0.0,0.0,0.0,0.0,0.003782987594604492,2,2,2,0,0,2,0.0,0.00402
4560,0.0,0.0,0.0,0.0019292831420898438,0.0,0.0015840530395507812,2,2,2,0,0,2,0.03798,0.0039
4620,0.0,0.0,0.021954774856567383,0.0,0.017408132553100586,0.003252744674682617,1,1,3,0,1,1,0.04309,0.0439
4680,0.0,0.0,0.0,0.0,0.0,0.0030946731567382812,3,3,3,0,1,1,0.05388,0.00462
4740,0.0,0.062,0.0,0.0,0.0,0.003393888473510742,2,2,2,0,1,0,0.0,0.00398
4800,0.0,0.0,0.0,0.0,0.0010156631469726562,0.002035379409790039,0,1,1,0,0,1,0.0,0.00385
4860,0.0,0.0,0.015299797058105469,0.0,0.020866870880126953,0.002042531967163086,1,1,2,0,1,1,0.01581,0.03899
4920,0.0,0.0,0.0,0.0,0.0015726089477539062,0.0015778541564941406,2,2,2,0,1,1,0.10630999999999999,0.00413
4980,0.0,0.0,0.0,0.0,0.0,0.002558469772338867,2,2,2,0,1,1,0.08646000000000001,0.00387
5040,0.0,0.0,0.0,0.0,0.0,0.0015323162078857422,2,2,2,0,0,2,0.0,0.00378
5100,0.0,0.0,0.02165055274963379,0.0015687942504882812,0.012365102767944336,0.0030732154846191406,0,2,2,0,1,1,0.02409,0.04047
5160,0.0,0.0,0.0,0.0,0.0,0.001584768295288086,2,2,2,0,1,1,0.08766,0.00457
5220,0.0,0.0,0.0,0.0,0.0,0.0031905174255371094,1,1,1,0,1,0,0.0628,0.0035
5280,0.0,0.0,0.0,0.0,0.0,0.0020499229431152344,1,1,1,0,0,1,0.0,0.00365
5340,0.0,0.0,0.0,0.0,0.0,0.002053499221801758,1,1,1,0,0,1,0.0,0.00361
5400,0.0,0.052,0.0471806526184082,0.0,0.045022010803222656,0.0025522708892822266,0,2,3,0,2,1,0.06305,0.09635
5460,0.0,0.0,0.02839374542236328,0.0,0.019451379776000977,0.00157928466796875,0,1,4,0,2,2,0.08796000000000001,0.05174
5520,0.0,0.0,0.0,0.0,0.0,0.0031392574310302734,4,4,4,0,2,1,0.13240000000000002,0.00514
5580,0.0,0.0,0.025310277938842773,0.0,0.015400886535644531,0.0031118392944335938,4,4,6,0,3,1,0.15459,0.04496
5640,0.0,0.044,0.0,0.011788606643676758,0.0,0.0029964447021484375,4,4,4,0,2,2,0.0,0.01671
5700,0.0,0.0,0.0,0.0,0.001589059829711914,0.0014657974243164062,2,3,3,0,1,3,0.06775,0.00525
5760,0.0,0.0,0.021359920501708984,0.0015597343444824219,0.01193547248840332,0.0031523704528808594,2,4,4,0,1,4,0.02281,0.03952
5820,0.0,0.0,0.0,0.0036211013793945312,0.0,0.0016019344329833984,4,4,4,0,1,4,0.0,0.00832
5880,0.0,0.0,0.0,0.0,0.0016167163848876953,0.0015859603881835938,3,3,3,0,1,3,0.0,0.00566
5940,0.0,0.0,0.0,0.0,0.0,0.0016100406646728516,2,2,2,0,0,3,0.0,0.00409
6000,0.0,0.0,0.0,0.0,0.0,0.001863718032836914,1,1,1,0,0,2,0.0,0.00359
6060,0.0,0.044,0.025420665740966797,0.0,0.0015871524810791016,0.001600503921508789,0,0,1,0,1,0,0.02743,0.02915
6120,0.0,0.0,0.0,0.0,0.0,0.0032384395599365234,0,1,1,0,0,1,0.0,0.00399
6180,0.0,0.0,0.0,0.0,0.0,0.0016603469848632812,1,1,1,0,0,1,0.0,0.00408
6240,0.0,0.0,0.0,0.0,0.0,0.002026081085205078,1,1,1,0,0,1,0.03671,0.00366
6300,0.0,0.0,0.0,0.0,0.0,0.001567840576171875,1,1,1,0,0,1,0.0,0.00356
6360,0.0,0.0,0.0,0.0,0.0,0.0032019615173339844,1,1,1,0,0,1,0.0,0.00375
6420,0.0,0.0,0.029832124710083008,0.0,0.0,0.003364086151123047,0,0,2,0,1,0,0.0307,0.03406
6480,0.0,0.0,0.0,0.001573324203491211,0.0,0.0015821456909179688,2,2,2,0,1,0,0.0,0.00392
6540,0.0,0.061,0.02449488639831543,0.0,0.0014579296112060547,0.00153350830078125,1,1,4,0,2,0,0.02467,0.02986
6600,0.0,0.0,0.0,0.0015680789947509766,0.0,0.0015799999237060547,1,2,2,0,0,2,0.09065000000000001,0.00446
6660,0.0,0.0,0.0,0.0,0.0,0.0029926300048828125,2,2,2,0,0,2,0.04704,0.00417
6720,0.0,0.0,0.0,0.0015397071838378906,0.0,0.0015516281127929688,2,2,2,0,0,2,0.0,0.00397
6780,0.0,0.0,0.0,0.0,0.0,0.0016255378723144531,2,2,2,0,0,2,0.0,0.00388
6840,0.0,0.062,0.025107145309448242,0.0,0.008110761642456055,0.0034182071685791016,1,3,3,0,1,2,0.10200000000000001,0.03888
6900,0.0,0.0,0.0,0.0,0.0,0.003011465072631836,1,2,2,0,0,2,0.058480000000000004,0.00432
6960,0.0,0.0,0.0,0.0015878677368164062,0.0,0.0016069412231445312,1,1,1,0,0,1,0.0,0.00405
7020,0.0,0.0,0.0,0.0,0.0015459060668945312,0.0015418529510498047,1,1,1,0,0,1,0.0,0.00396
7080,0.0,0.0,0.0,0.0010113716125488281,0.0,0.0019230842590332031,1,1,1,0,0,1,0.0,0.00377
7140,0.0,0.0,0.04203176498413086,0.0,0.0032067298889160156,0.0016105175018310547,1,1,2,0,1,1,0.04064,0.04912
